country, url
france,https://www.lexpress.fr/actualite/monde/plus-de-70-millions-de-refugies-et-deplaces-dans-le-monde-fin-2018_2084933.html
france,https://www.lexpress.fr/actualites/1/styles/ils-les-renvoient-au-mexique-au-sud-de-la-frontiere-des-centres-pour-migrants-debordes_2089821.html
france,https://www.lexpress.fr/actualites/1/monde/les-etats-unis-veulent-refuser-l-asile-aux-migrants-qui-transitent-par-le-mexique_2089780.html
france,https://www.lexpress.fr/actualites/1/styles/plainte-contre-les-restrictions-de-l-asile-voulues-par-le-gouvernement-trump_2090042.html
france,https://www.lexpress.fr/actualites/1/styles/le-gouvernement-de-donald-trump-veut-verrouiller-l-acces-a-l-asile_2089803.html
france,https://www.lexpress.fr/actualites/1/monde/chine-la-belgique-a-la-recherche-d-une-famille-ouighoure_2084944.html
france,https://www.lexpress.fr/actualites/1/monde/proces-d-un-trafiquant-de-migrants-en-italie-un-jury-admet-une-erreur-d-identite_2089357.html
france,https://www.lexpress.fr/actualites/1/societe/des-associations-se-mobilisent-contre-la-transmission-des-donnees-des-hebergements-d-urgence-aux-autorites_2088188.html
france,https://www.lexpress.fr/actualite/monde/julian-assange-ne-sera-pas-extrade-vers-un-pays-ou-il-encourt-la-peine-de-mort_2089870.amp.html?Echobox=1563257148&utm_medium=Social&utm_source=Facebook
france,https://www.lexpress.fr/actualites/1/monde/superproduction-netflix-et-talk-shows-la-nouvelle-vie-des-sangliers-sauvages_2085200.html
france,https://www.lexpress.fr/actualites/1/sport/tour-de-france-bardet-le-nouveau-coup-de-massue_2089214.html
france,https://www.lexpress.fr/actualites/1/styles/a-londres-les-marches-latinos-sous-la-menace-de-la-gentrification_2085729.html
france,https://www.lexpress.fr/actualites/1/politique/castaner-pret-a-discuter-de-quotas-sur-l-immigration-economique_2085257.html
france,https://www.lexpress.fr/actualites/1/monde/horreur-dans-le-hangar-n-3-du-centre-de-migrants-pres-de-tripoli_2087725.html
france,https://www.lexpress.fr/actualites/1/monde/verdict-attendu-au-proces-d-un-irakien-apres-un-meurtre-qui-choqua-l-allemagne_2088836.html
france,https://www.lexpress.fr/actualite/monde/europe/a-palerme-un-jury-reconnait-une-erreur-d-identite-sur-le-boss-des-passeurs_2089495.html
france,https://www.lexpress.fr/actualites/1/monde/colere-et-peur-a-sanaa-apres-la-suspension-partielle-d-aides-du-pam-au-yemen_2085676.html
france,https://www.lexpress.fr/culture/livre/1959-boris-vian-mort-d-un-copain_2082287.html
france,https://www.lexpress.fr/actualites/1/societe/la-justice-reporte-l-examen-de-la-demande-d-extradition-de-trabelsi-beau-frere-de-ben-ali_2085113.html
france,https://www.lexpress.fr/actualites/1/monde/criminel-ou-victime-verdict-attendu-a-palerme-pour-le-boss-des-passeurs_2089256.html
france,https://www.lexpress.fr/actualites/1/monde/l-ex-chef-de-guerre-congolais-ntaganda-entend-son-jugement-a-la-cpi_2088454.html
france,https://www.mediapart.fr/studio/documentaires/international/estate-un-refugie-parmi-les-touristes
france,https://www.mediapart.fr/journal/une/220619
france,https://www.mediapart.fr/journal/france/190619/les-mercredis-de-mediapart-des-videos-en-acces-libre-pinar-selek-le-cinema-iranien-et-les-refugies-en-euro
france,https://www.mediapart.fr/journal/une/190619
france,https://www.mediapart.fr/journal/international/dossier/leurope-au-defi-des-migrants
france,https://www.mediapart.fr/studio/documentaires
france,https://www.mediapart.fr/journal/une/200619
france,https://www.mediapart.fr/journal/une/210619
france,https://www.20minutes.fr/faits_divers/2563463-20190713-meurtre-johanna-landes-refugie-syrien-ecroue-trois-suspects-mis-hors-cause
france,https://www.20minutes.fr/societe/2545647-20190621-migration-moitie-francais-doute-refugies-vrais-refugies
france,https://www.20minutes.fr/monde/refugies/
france,https://www.20minutes.fr/faits_divers/2558175-20190706-perpignan-jeune-mere-famille-tuee-coups-couteau-presence-3-enfants
france,https://www.20minutes.fr/strasbourg/2553859-20190702-strasbourg-projet-immobilier-vient-aide-personnes-vulnerables
france,https://www.20minutes.fr/societe/2563095-20190712-landes-quatre-hommes-garde-vue-apres-meurtre-femme-mont-marsan
france,https://www.20minutes.fr/societe/2551135-20190627-rennes-restaurants-confient-cuisines-chefs-refugies
france,https://www.20minutes.fr/monde/2564463-20190715-etats-unis-gouvernement-americain-veut-refuser-asile-migrants-transitent-mexique
france,https://www.20minutes.fr/justice/2564975-20190716-meurtre-johanna-landes-syndicat-lyceen-veut-porter-plainte-contre-marine-pen
france,https://www.20minutes.fr/faits_divers/2544259-20190619-marseille-homme-devenu-fou-quand-bus-arrete-chauffeur-rtm-agresse
france,https://www.20minutes.fr/societe/2560559-20190710-video-lyon-nouveau-quartier-romain-decouvert-hauteurs-fourviere
france,https://www.20minutes.fr/archives/2019/07-13
france,https://www.20minutes.fr/dossier/demandeurs_d_asile
france,https://www.20minutes.fr/sport/christophe_jallet/
france,https://www.20minutes.fr/justice/2565855-20190717-landes-chauffarde-usurpe-identite-jeune-femme-train-accoucher-autre-bout-france
france,https://www.20minutes.fr/monde/2562979-20190712-italie-jury-admet-erreur-identite-lors-proces-trafiquant-migrants
france,https://www.20minutes.fr/faits_divers/2562663-20190712-herault-incendie-ravage-10-hectares-maisons-evacuees
france,https://www.20minutes.fr/dossier/viol
france,https://www.20minutes.fr/politique/2545203-20190620-christophe-castaner-pret-discuter-quotas-immigration-economique
france,https://www.20minutes.fr/monde/theresa-may/
france,https://www.20minutes.fr/arts-stars/people/2564479-20190715-video-fans-bts-furieux-contre-groupe
france,https://www.20minutes.fr/insolite/2564395-20190715-alsace-envoient-ballon-mickey-ciel-recoivent-message-suede
france,https://www.20minutes.fr/dossier/mont-de-marsan
france,https://www.20minutes.fr/justice/2546039-20190621-video-calais-relaxe-benevole-britannique-poursuivi-violence-envers-policier
france,https://www.20minutes.fr/dossier/nouvelle-aquitaine
france,https://www.20minutes.fr/dossier/gironde
france,https://www.20minutes.fr/societe/landes/
france,https://www.20minutes.fr/nantes/2564439-20190715-nantes-voyage-nantes-opposera-messages-statues
france,https://www.20minutes.fr/dossier/restaurant
france,https://www.20minutes.fr/dossier/cuisine
france,https://www.20minutes.fr/dossier/mexique
france,https://www.20minutes.fr/bordeaux/
france,https://www.20minutes.fr/bordeaux/2559595-20190708-bordeaux-ministre-education-accueilli-cris-blanquer-demission
france,https://www.20minutes.fr/rennes/2549359-20190626-meteo-rennes-previsions-du-mercredi-26-juin-2019
france,https://www.20minutes.fr/bordeaux/2560247-20190709-rectificatif-non-conducteur-train-convoi-militaire-abandonne-chargement-gare-libourne
france,https://www.20minutes.fr/rennes/2547191-20190623-rennes-aeroport-pousse-murs-anticipe-forte-hausse-trafic
france,https://www.20minutes.fr/bordeaux/2560615-20190709-bordeaux-prof-sport-condamne-rembourser-plus-19000-euros-avoir-degrade-horodateurs
france,https://www.20minutes.fr/rennes/2550415-20190627-meteo-rennes-previsions-du-jeudi-27-juin-2019
france,https://www.20minutes.fr/sport/kylian-mbappe/
france,https://www.20minutes.fr/bordeaux/2563479-20190713-meteo-bordeaux-previsions-du-dimanche-14-juillet-2019
france,https://www.20minutes.fr/bordeaux/2562399-20190711-meteo-bordeaux-previsions-du-vendredi-12-juillet-2019
france,https://www.20minutes.fr/arts-stars/mode/2552739-20190708-video-concept-trattoria-italienne-equitable-bio-remporte-bourse-badoit
france,https://www.20minutes.fr/bordeaux/2563311-20190713-meteo-bordeaux-previsions-du-samedi-13-juillet-2019
france,https://www.20minutes.fr/rennes/2556795-20190705-fred-rennes-transat-ville-tombees-peut-enfin-demarrer
france,https://www.20minutes.fr/monde/ben_ali/
france,http://www.francesoir.fr/societe-faits-divers/meurtre-de-johanna-blanes-4-suspects-dont-un-syrien-arretes-la-piste-du-viol
france,http://www.francesoir.fr/politique-france/refugies-pres-dun-francais-sur-six-juge-que-la-guerre-nest-pas-un-motif-suffisant
france,http://www.francesoir.fr/actualites-france/des-associations-se-mobilisent-contre-la-transmission-des-donnees-des-hebergements
france,http://www.francesoir.fr/actualites-france/la-justice-reporte-lexamen-de-la-demande-dextradition-de-trabelsi-beau-frere-de
france,http://www.francesoir.fr/societe-faits-divers/feminicide-perpignan-la-femme-poignardee-en-presence-de-ses-enfants
france,http://www.francesoir.fr/actualites-france/corruption-et-dopage-la-justice-ordonne-un-proces-paris-contre-lex-patron-de
france,http://www.francesoir.fr/societe-faits-divers/injures-racistes-et-harcelement-scolaire-une-jeune-fille-de-11-ans-se
france,http://www.francesoir.fr/societe-faits-divers/harcelee-au-college-et-traitee-de-folle-par-une-prof-evaelle-se-suicide
france,http://www.francesoir.fr/societe-faits-divers/val-doise-harcelee-une-collegienne-se-suicide
france,https://www.lemonde.fr/societe/article/2019/06/19/des-milliers-de-refugies-sans-solution-de-logement_5478415_3224.html
france,https://www.lemonde.fr/societe/article/2019/07/09/le-115-doit-desormais-transmettre-la-liste-des-refugies-qu-il-heberge_5487425_3224.html
france,https://www.lemonde.fr/societe/article/2019/06/19/passe-l-emotion-l-hebergement-citoyen-n-a-pas-pris-en-france_5478425_3224.html
france,https://www.lemonde.fr/societe/article/2019/06/29/le-115-devra-bientot-transmettre-la-liste-des-refugies-qu-il-heberge_5483118_3224.html
france,https://www.lemonde.fr/immigration-et-diversite/
france,https://www.lemonde.fr/immigration-en-europe/
france,https://www.lemonde.fr/blog/filiu/2019/06/
france,https://www.lemonde.fr/les-decodeurs/article/2019/06/20/ou-ont-fui-les-74-8-millions-de-personnes-contraintes-a-l-exil_5479071_4355770.html
france,https://www.lemonde.fr/international/article/2019/07/15/le-gouvernement-americain-va-refuser-l-asile-aux-migrants-transitant-par-le-mexique_5489712_3210.html
france,https://www.lemonde.fr/blog/filiu/2019/06/30/top-model-a-hollywood-et-fier-detre-palestinien/
france,https://www.lemonde.fr/m-le-mag/article/2019/07/05/thessalonique-le-refuge-grec-des-exiles-turcs_5485527_4500055.html
france,https://www.lemonde.fr/police-justice/article/2019/07/02/un-tribunal-allemand-empeche-le-transfert-en-france-d-une-demandeuse-d-asile-et-de-sa-fille_5484390_1653578.html
france,https://www.lemonde.fr/campus/article/2019/06/20/la-restauration-levier-d-integration-pour-des-femmes-refugiees_5478934_4401467.html
france,https://www.lemonde.fr/culture/article/2019/07/15/celine-au-fond-de-la-nuit-comprendre-l-oeuvre-litteraire_5489694_3246.html
france,https://www.lemonde.fr/emploi/article/2019/06/26/avec-le-plein-emploi-les-etats-americains-tentent-de-faire-revenir-leurs-habitants-natifs_5481552_1698637.html
france,https://www.lemonde.fr/signataires/julia-pascual/
france,https://www.lemonde.fr/signataires/elisa-perrigueur/
france,https://www.lemonde.fr/international/article/2019/07/09/importante-vente-d-armes-des-etats-unis-a-taiwan-approuvee_5487059_3210.html
france,https://www.lemonde.fr/signataires/anne-guillard/
france,https://www.lemonde.fr/signataires/anna-villechenon/
france,https://www.lemonde.fr/international/article/2019/06/20/turquie-des-meneurs-du-coup-d-etat-manque-condamnes-a-la-prison-a-vie_5479037_3210.html
france,https://www.lemonde.fr/international/article/2019/07/16/van-havre-turc-pour-iraniens-desabuses_5489789_3210.html
france,https://www.lemonde.fr/afrique-diaspora/
france,https://www.lemonde.fr/signataires/audrey-fournier/
france,https://www.lemonde.fr/signataires/marina-rafenberg/
france,https://www.lemonde.fr/roumanie/
france,https://www.lemonde.fr/emirats-arabes-unis/
france,https://www.lemonde.fr/bahrein/
france,https://www.lemonde.fr/sport/article/2019/06/24/corruption-les-magistrats-ordonnent-le-renvoi-de-l-ex-patron-de-l-athletisme-mondial-devant-la-justice_5480794_3242.html
france,https://www.lemonde.fr/international/article/2019/07/06/kyriakos-mitsotakis-il-faut-un-gouvernement-grec-fort-pour-faire-avancer-les-reformes_5486182_3210.html
france,https://www.lemonde.fr/festival/article/2019/06/26/gael-musquet-hacker-citoyen-et-vigie-du-changement-climatique_5481584_4415198.html
france,https://www.lemonde.fr/blog/filiu/
france,https://www.lemonde.fr/gambie/
france,https://www.lemonde.fr/bielorussie/
france,https://www.lemonde.fr/afrique-sport/
france,https://www.lemonde.fr/sitemap/articles/1968-02-19.xml
france,https://www.lemonde.fr/culture/article/2019/07/17/a-marseille-le-cinema-en-haute-fidelite_5490245_3246.html
france,https://www.lemonde.fr/sitemap/articles/1966-04-11.xml
france,https://www.lemonde.fr/sitemap/articles/1966-08-29.xml
france,https://www.lemonde.fr/sitemap/articles/1966-02-28.xml
france,https://www.lemonde.fr/sitemap/articles/1968-04-01.xml
france,https://www.nouvelobs.com/societe/20190620.OBS14684/charlotte-et-karwan-ont-matche-sur-buddy-la-plateforme-pour-rencontrer-un-refugie.html
france,https://www.nouvelobs.com/videos/TRZ2gHPcWeQ.YTB/vos-amis-vous-soulent-matchez-avec-un-refugie.html
france,https://www.nouvelobs.com/societe/20190710.OBS15710/le-115-va-desormais-devoir-transmettre-la-liste-des-refugies-qu-il-heberge.html
france,https://www.nouvelobs.com/migrants/20190619.OBS14592/il-y-a-70-8-millions-de-personnes-deplacees-dans-le-monde-c-est-plus-que-la-population-francaise.html
france,https://www.nouvelobs.com/societe/20190703.OBS15341/pour-la-justice-allemande-une-demandeuse-d-asile-risque-des-traitements-inhumains-en-france.html
france,https://www.nouvelobs.com/societe/20190717.AFP0678/plainte-contre-les-restrictions-de-l-asile-voulues-par-le-gouvernement-trump.html
france,https://www.nouvelobs.com/societe/20190715.AFP0590/ils-les-renvoient-au-mexique-au-sud-de-la-frontiere-des-centres-pour-migrants-debordes.html
france,https://www.nouvelobs.com/monde/20190619.AFP8765/chine-la-belgique-a-la-recherche-d-une-famille-ouighoure.html
france,https://www.nouvelobs.com/tv/20190626.OBS14964/ce-soir-la-et-les-jours-d-apres-comment-une-fiction-sur-fond-d-attentats-du-13-novembre-a-cree-la-polemique.html
france,https://www.nouvelobs.com/topnews/20190715.AFP0588/le-gouvernement-de-donald-trump-veut-verrouiller-l-acces-a-l-asile.html
france,https://www.nouvelobs.com/topnews/20190715.AFP0577/les-etats-unis-veulent-refuser-l-asile-aux-migrants-qui-transitent-par-le-mexique.html
france,https://www.nouvelobs.com/voyage/20190703.OBS15387/pays-basque-10-activites-pour-decouvrir-l-histoire-et-le-patrimoine-de-la-region.html
france,https://www.nouvelobs.com/topnews/20190712.AFP0407/proces-d-un-trafiquant-de-migrants-en-italie-un-jury-admet-une-erreur-d-identite.html
france,https://www.nouvelobs.com/monde/20190620.AFP8849/thailande-un-an-apres-leur-sauvetage-les-sangliers-sauvages-courtises-dans-le-monde-entier.html
france,https://www.nouvelobs.com/politique/20190620.AFP8870/castaner-pret-a-discuter-de-quotas-sur-l-immigration-economique.html
france,https://www.nouvelobs.com/monde/20190703.AFP9764/horreur-dans-le-hangar-n-3-du-centre-de-migrants-pres-de-tripoli.html
france,https://www.nouvelobs.com/monde/20190620.AFP8825/succession-de-juncker-delicates-negociations-pour-trouver-le-candidat-ideal.html
france,https://www.nouvelobs.com/monde/20190712.AFP0367/a-palerme-un-jury-reconnait-une-erreur-d-identite-sur-le-boss-des-passeurs.html
france,https://www.nouvelobs.com/monde/20190710.AFP0193/allemagne-un-irakien-condamne-a-perpetuite-pour-le-meurtre-d-une-adolescente.html
france,https://www.nouvelobs.com/topnews/20190712.AFP0367/criminel-ou-victime-verdict-attendu-a-palerme-pour-le-boss-des-passeurs.html
france,https://www.nouvelobs.com/monde/20190709.AFP0125/washington-approuve-une-importante-vente-d-armes-a-taiwan.html
france,https://www.nouvelobs.com/politique/20190717.OBS16030/elisabeth-borne-10-choses-a-savoir-sur-la-nouvelle-ministre-de-la-transition-ecologique.html
france,https://www.nouvelobs.com/topnews/20190630.AFP9524/la-capitaine-du-sea-watch-pas-un-acte-de-violence-seulement-de-desobeissance.html
france,https://www.nouvelobs.com/journaliste/119846/violette-lazard.html
france,https://www.liberation.fr/debats/2019/06/18/sauvez-idlib_1734365
france,https://www.liberation.fr/planete/2019/06/20/la-crise-des-migrants-a-lieu-dans-les-etats-pauvres_1735168
france,https://www.liberation.fr/france/2019/07/05/je-n-avais-quasiment-pas-entendu-parler-du-miel-avant-d-arriver-en-france_1738221
france,https://www.liberation.fr/france/2019/07/05/refugies-le-miel-pour-faire-le-lien_1738337
france,https://www.liberation.fr/france/2019/07/05/gauche-scenes-d-emmenagement-a-strasbourg_1738335
france,https://www.liberation.fr/direct/element/2018-annee-record-pour-le-nombre-de-personnes-refugiees-et-deplacees-dans-le-monde_99100/
france,https://www.liberation.fr/depeches/2019/06/20/castaner-pret-a-discuter-de-quotas-sur-l-immigration-economique_1735066
france,https://www.liberation.fr/france/vieux-boucau-les-bains_40480/
france,https://www.liberation.fr/checknews/2019/07/10/est-il-vrai-que-le-dalai-lama-redoute-que-l-europe-devienne-musulmane-ou-africaine_1739133
france,https://www.liberation.fr/direct/element/50-des-francais-se-disent-sceptiques-sur-le-bien-fonde-daccueillir-des-refugies_99196/
france,https://www.liberation.fr/depeches/2019/07/12/meurtre-d-une-jeune-femme-dans-les-landes-quatre-hommes-en-garde-a-vue_1739804
france,https://www.liberation.fr/direct/element/les-etats-unis-veulent-refuser-lasile-aux-migrants-qui-transitent-par-le-mexique_100189/
france,https://www.liberation.fr/direct/element/immigration-aux-etats-unis-ebola-en-rdc-collision-dans-la-marne-lactu-de-ce-lundi_100197/
france,https://www.liberation.fr/depeches/2019/07/03/horreur-dans-le-hangar-n3-du-centre-de-migrants-pres-de-tripoli_1737829
france,https://www.liberation.fr/depeches/2019/06/19/chine-la-belgique-a-la-recherche-d-une-famille-ouighoure_1734741
france,https://www.liberation.fr/depeches/2019/07/15/le-gouvernement-de-donald-trump-veut-verrouiller-l-acces-a-l-asile_1740141
france,https://www.liberation.fr/direct/element/_100289/
france,https://www.liberation.fr/depeches/2019/06/19/record-mondial-plus-de-70-millions-de-refugies-et-deplaces-fin-2018-selon-l-onu_1734724
france,https://www.liberation.fr/depeches/2019/07/06/des-associations-se-mobilisent-contre-la-transmission-des-donnees-des-hebergements-d-urgence-aux-aut_1738392
france,https://www.liberation.fr/planete/2019/06/27/venezuela-maduro-dit-avoir-dejoue-un-enieme-coup-d-etat_1736662
france,https://www.liberation.fr/debats/2019/07/02/le-retour-du-bresil-colonial_1737589
france,https://www.liberation.fr/france/drancy_93700/
france,https://www.liberation.fr/depeches/2019/07/12/proces-d-un-trafiquant-de-migrants-en-italie-un-jury-admet-une-erreur-d-identite_1739644
france,https://www.liberation.fr/checknews/2019/06/26/qui-etaient-ces-gilets-jaunes-portant-des-masques-de-pamela-anderson-a-la-gay-pride-de-bordeaux_1736087
france,https://www.liberation.fr/depeches/2019/07/12/a-palerme-un-jury-reconnait-une-erreur-d-identite-sur-le-boss-des-passeurs_1739556
france,https://www.liberation.fr/direct/element/apres-un-an-de-mobilisation-moussa-camara-obtient-lasile-en-france_99724/
france,https://www.liberation.fr/planete/2019/06/27/tunisie-un-double-attentat-fait-ressurgir-le-spectre-de-la-violence_1736585
france,https://www.liberation.fr/depeches/2019/07/10/allemagne-un-irakien-condamne-a-perpetuite-pour-le-meurtre-d-une-adolescente_1739105
france,https://www.liberation.fr/direct/element/chine-en-proces-lex-patron-dinterpol-plaide-coupable-de-corruption_99162/
france,https://www.liberation.fr/depeches/2019/07/11/tour-de-france-bardet-le-nouveau-coup-de-massue_1739508
france,https://www.liberation.fr/depeches/2019/07/09/washington-approuve-une-importante-vente-d-armes-a-taiwan_1738874
france,https://www.liberation.fr/direct/element/meng-hongwei-ex-patron-dinterpol-saccuse-de-corruption_99187/
france,https://www.liberation.fr/planete/2019/06/25/diack-fils-esprit-de-famille-et-d-entreprise_1736169
france,https://www.liberation.fr/depeches/2019/06/22/yemen-colere-et-peur-a-sanaa-apres-la-suspension-partielle-d-aides-du-pam_1735541
france,https://www.liberation.fr/planete/2019/06/18/bientot-des-pretres-maries_1734678
france,https://www.liberation.fr/depeches/2019/06/24/corruption-et-dopage-la-justice-ordonne-un-proces-a-paris-contre-l-ex-patron-de-l-athletisme-mondial_1735819
france,https://www.liberation.fr/depeches/2019/06/20/thailande-un-an-apres-leur-sauvetage-les-sangliers-sauvages-courtises-dans-le-monde-entier_1735019
france,https://www.liberation.fr/france/2019/06/18/eglise-catholique-vers-l-ordination-d-hommes-maries_1734518
france,https://www.liberation.fr/depeches/2019/06/19/la-justice-reporte-l-examen-de-la-demande-d-extradition-de-trabelsi-beau-frere-de-ben-ali_1734922
france,https://www.liberation.fr/planete/2019/06/19/au-mali-la-liste-noire-des-tueries-s-allonge_1734890
france,https://www.liberation.fr/depeches/2019/07/08/l-ex-chef-de-guerre-congolais-ntaganda-reconnu-coupable-de-crimes-de-guerre_1738662
france,https://www.liberation.fr/planete/2019/07/02/le-salon-des-legendes-dans-l-intimite-des-espions_1736133
france,https://www.liberation.fr/depeches/2019/06/18/rdc-300000-personnes-ont-fui-les-violences-en-ituri-depuis-debut-juin_1734636
france,https://www.liberation.fr/depeches/2019/06/18/chine-un-rapport-denonce-la-poursuite-de-prelevements-forces-d-organes_1734541
france,https://www.liberation.fr/depeches/2019/06/20/l-ex-president-chinois-d-interpol-plaide-coupable-de-corruption_1735005
france,https://www.liberation.fr/depeches/2019/06/20/tennis-osaka-battue-a-birmingham-pourrait-ceder-sa-place-de-n1-a-barty_1735102
france,https://www.liberation.fr/depeches/2019/06/20/chine-en-proces-l-ex-patron-d-interpol-plaide-coupable-de-corruption_1734993
france,https://www.liberation.fr/depeches/2019/06/19/quintuple-infanticide-pour-moi-ce-n-etait-pas-des-bebes-repete-sylvie-horning_1734843
france,https://www.liberation.fr/depeches/2019/06/18/colmar-debut-du-proces-d-une-mere-de-famille-pour-un-quintuple-infanticide_1734489
france,https://www.liberation.fr/depeches/2019/06/19/idleb-moscou-et-ankara-exhortes-par-l-onu-a-stopper-une-catastrophe-humanitaire_1734712
france,https://www.liberation.fr/depeches/2019/06/18/des-vagues-de-touristes-chinois-deferlent-sur-la-coree-du-nord_1734480
france,https://www.liberation.fr/depeches/2019/06/20/lourde-peine-pour-la-mere-de-famille-reconnue-coupable-d-un-quintuple-infanticide_1735120
france,https://www.liberation.fr/depeches/2019/06/18/l-economie-turque-malmenee-par-l-instabilite-politique_1734482
france,https://www.liberation.fr/depeches/2019/06/19/jean-pierre-jouyet-nomme-ambassadeur-aupres-de-l-ocde_1734881
france,https://www.liberation.fr/depeches/2019/06/20/en-coree-du-nord-xi-jinping-s-invite-dans-le-duo-kimtrump_1734973
france,https://www.la-croix.com/Monde/Etats-Unis-veulent-refuser-asile-migrants-transitent-Mexique-2019-07-15-1301035548
france,https://www.la-croix.com/France/associations-mobilisent-contre-transmission-donnees-hebergements-urgence-autorites-2019-07-06-1301033730
france,https://www.la-croix.com/Monde/708-millions-personnes-fuient-guerres-persecutions-2019-06-19-1201030006
france,https://www.la-croix.com/Religion/Arrestation-Mollah-Kredar-setait-felicite-attaques-contre-Charlie-Hebdo-2019-07-16-1201035777
france,https://www.la-croix.com/Monde/Proces-trafiquant-migrants-Italie-jury-admet-erreur-identite-2019-07-12-1301035055
france,https://www.la-croix.com/Religion/Catholicisme/Monde/eveques-Centrafrique-fustigent-non-respect-accords-paix-groupes-armes-2019-06-25-1201031276
france,https://www.la-croix.com/Monde/Chine-Belgique-recherche-famille-ouighoure-2019-06-19-1301029883
france,https://www.la-croix.com/France/Politique/Castaner-pret-discuter-quotas-immigration-economique-2019-06-20-1301030227
france,https://www.la-croix.com/Monde/Horreur-hangar-3-centre-migrants-pres-Tripoli-2019-07-03-1301033162
france,https://www.la-croix.com/Culture/Au-Kabul-Kitchen-Paris-cuisine-comme-lien-Afghanistan-2019-06-19-1301029907
france,https://www.la-croix.com/Monde/Verdict-attendu-proces-Irakien-meurtre-choqua-Allemagne-2019-07-10-1301034494
france,https://www.la-croix.com/Monde/Moyen-Orient/Plan-paix-quatre-Palestiniens-temoignent-2019-06-25-1201031171
france,https://www.la-croix.com/Sport/Tour-France-Bardet-nouveau-coup-massue-2019-07-11-1301034919
france,https://www.la-croix.com/Urbi-et-Orbi/Documentation-catholique/Eglise-en-France/freres-migrants-devraient-jamais-constituer-monnaie-dechange-affirme-eveques-Mexique-2019-06-20-1201030168
france,https://www.la-croix.com/Monde/Criminel-victime-Verdict-attendu-Palerme-boss-passeurs-2019-07-12-1301034957
france,https://www.la-croix.com/Religion/Catholicisme/Monde/religieux-italiens-soutiennent-capitaine-Sea-Watch-2019-07-01-1201032456
france,https://www.la-croix.com/Monde/Thailande-leur-sauvetage-Sangliers-sauvages-courtises-monde-entier-2019-06-20-1301030179
france,https://www.la-croix.com/Sport/Corruption-dopage-justice-ordonne-proces-Paris-contre-patron-athletisme-mondial-Lamine-Diack-2019-06-24-1301031006
france,https://www.la-croix.com/France/justice-reporte-examen-demande-extradition-Trabelsi-beau-frere-Ben-Ali-2019-06-19-1301030099
france,https://www.la-croix.com/Monde/Colere-peur-Sanaa-suspension-partielle-aides-PAM-Yemen-2019-06-22-1301030687
france,https://www.la-croix.com/France/200-migrants-evacues-campements-nord-Paris-2019-06-27-1301031794
france,https://www.la-croix.com/Monde/L-chef-guerre-congolais-Ntaganda-entend-jugement-CPI-2019-07-08-1301034025
france,https://www.la-croix.com/Economie/Washington-approuve-importante-vente-armes-Taiwan-2019-07-09-1301034266
france,https://www.la-croix.com/France/A-Strasbourg-cheffe-refugiee-syrienne-fourneaux-2019-06-23-1301030770
france,https://www.courrierinternational.com/article/moyen-orient-le-yemen-face-la-destruction-de-son-patrimoine-historique
france,https://www.courrierinternational.com/article/etats-unis-trump-claque-la-porte-au-nez-des-demandeurs-dasile
france,https://www.courrierinternational.com/article/proliferation-en-favorisant-les-saoudiens-trump-relance-la-course-au-nucleaire-au-moyen
france,https://www.courrierinternational.com/depeche/proces-dun-trafiquant-de-migrants-en-italie-un-jury-admet-une-erreur-didentite.afp.com.20190712.doc.1io09w.xml
france,https://www.courrierinternational.com/depeche/les-etats-unis-veulent-refuser-lasile-aux-migrants-qui-transitent-par-le-mexique.afp.com.20190715.doc.1is5cu.xml
france,https://www.courrierinternational.com/depeche/le-gouvernement-de-donald-trump-veut-refuser-lasile-aux-migrants-passes-par-le-mexique.afp.com.20190715.doc.1is6ld.xml
france,https://www.courrierinternational.com/depeche/chine-la-belgique-la-recherche-dune-famille-ouighoure.afp.com.20190619.doc.1hn142.xml
france,https://www.courrierinternational.com/depeche/verdict-attendu-au-proces-dun-irakien-apres-un-meurtre-qui-choqua-lallemagne.afp.com.20190710.doc.1ii7ng.xml
france,https://www.courrierinternational.com/depeche/criminel-ou-victime-verdict-attendu-palerme-pour-le-boss-des-passeurs.afp.com.20190712.doc.1im6gk.xml
france,https://www.courrierinternational.com/depeche/superproduction-netflix-et-talk-shows-la-nouvelle-vie-des-sangliers-sauvages.afp.com.20190620.doc.1hn1ax.xml
france,https://www.courrierinternational.com/depeche/horreur-dans-le-hangar-ndeg3-du-centre-de-migrants-pres-de-tripoli.afp.com.20190703.doc.1ia55p.xml
france,https://www.courrierinternational.com/depeche/washington-approuve-une-importante-vente-darmes-taiwan.afp.com.20190709.doc.1ii27f.xml
france,https://www.courrierinternational.com/depeche/yemen-colere-et-peur-sanaa-apres-la-suspension-partielle-daides-du-pam.afp.com.20190622.doc.1hp6dw.xml
france,https://www.lindependant.fr/2019/07/01/majestueux-tresors-dans-lun-des-plus-beaux-detours-de-france
france,https://www.lindependant.fr/2019/07/06/carnet-de-deuil
france,https://www.lindependant.fr/pyrenees-orientales/prats-de-mollo-la-preste/
france,https://www.lindependant.fr/2019/07/06/mise-a-jour-mere-de-famille-tuee-a-perpignan-son-compagnon-en-garde-a-vue-pour-meurtre-sur-conjointe
france,https://www.lindependant.fr/2019/06/27/carcassonne-espagnols-internes-en-1939-une-expo-rafraichit-la-memoire
france,https://www.lindependant.fr/2019/06/18/le-peintre-libertaire-joan-jorda-a-la-maison-des-memoires
france,https://www.lindependant.fr/2019/06/23/turquie-lopposition-remporte-a-nouveau-les-elections-municipales-distanbul
france,https://www.lindependant.fr/2019/07/01/labbaye-de-saint-papoul-qui-fut-un-temps-cathedrale
france,https://www.bfmtv.com/mediaplayer/video/en-alsace-un-village-accueille-80-demandeurs-d-asile-depuis-2016-1169717.html
france,https://www.bfmtv.com/police-justice/quatre-hommes-en-garde-a-vue-soupconnes-du-meurtre-d-une-jeune-femme-dans-les-landes-1729940.html
france,https://www.bfmtv.com/economie/l-homme-qui-fabrique-les-iphone-abandonne-son-entreprise-pour-briguer-la-presidence-de-taiwan-1716823.html
france,https://www.bfmtv.com/police-justice/lorient-l-arrestation-du-chauffard-est-un-soulagement-pour-les-familles-declare-leur-avocat-1714787.html
france,https://www.bfmtv.com/economie/le-departement-d-etat-americain-approuve-une-importante-vente-d-armes-a-taiwan-1727641.html
france,http://www.lefigaro.fr/flash-actu/un-refugie-syrien-ecroue-pour-le-viol-et-le-meurtre-de-johanna-20190713
france,http://www.lefigaro.fr/international/un-record-de-plus-de-70-millions-de-refugies-et-deplaces-fin-2018-dans-le-monde-20190620
france,http://www.lefigaro.fr/actualite-france/la-france-toujours-dans-le-tourbillon-migratoire-20190710
france,http://www.lefigaro.fr/flash-actu/meurtre-d-une-jeune-femme-dans-les-landes-quatre-hommes-en-garde-a-vue-20190712
france,http://www.lefigaro.fr/conjoncture/emploi-le-parcours-d-obstacles-des-immigres-20190626
france,https://www.lefigaro.fr/infographie/WEB_201925_refugies_carte/html/WEB_201925_refugies_carte.html
france,http://www.lefigaro.fr/international/amir-jahanshahi-l-amerique-peut-provoquer-une-catastrophe-mondiale-20190623
france,http://www.lefigaro.fr/flash-actu/un-francais-sur-deux-doute-que-les-refugies-soient-de-vrais-refugies-20190621
france,http://www.lefigaro.fr/flash-actu/le-mexique-conteste-la-decision-des-etats-unis-de-verrouiller-l-acces-a-l-asile-20190715
france,http://www.lefigaro.fr/vox/societe/canicule-l-etat-nounou-transforme-tous-les-francais-en-eternels-mineurs-20190626
france,http://www.lefigaro.fr/flash-actu/proces-d-un-trafiquant-de-migrants-en-italie-un-jury-admet-une-erreur-d-identite-20190712
france,http://www.lefigaro.fr/flash-actu/papouasie-un-demandeur-d-asile-risque-d-etre-inculpe-apres-avoir-tente-de-se-suicider-20190624
france,http://www.lefigaro.fr/flash-actu/norvege-le-mollah-krekar-arrete-apres-sa-condamnation-en-italie-pour-terrorisme-20190716
france,http://www.lefigaro.fr/international/allemagne-un-groupe-d-extreme-droite-soupconne-d-avoir-planifie-des-assassinats-20190701
france,http://www.lefigaro.fr/flash-actu/les-etats-unis-veulent-refuser-l-asile-aux-migrants-qui-transitent-par-le-mexique-20190715
france,http://www.lefigaro.fr/flash-actu/maltraiter-des-journalistes-devrait-avoir-des-consequences-diplomatiques-dit-hunt-20190710
france,http://www.lefigaro.fr/flash-actu/castaner-pret-a-discuter-de-quotas-sur-l-immigration-economique-20190620
france,http://www.lefigaro.fr/flash-actu/tarn-l-assassin-d-une-boulangere-condamne-a-20-ans-de-reclusion-20190627
france,http://www.lefigaro.fr/flash-eco/le-patron-de-foxconn-cede-les-commandes-de-son-groupe-20190621
france,http://www.lefigaro.fr/flash-actu/tunisie-10-migrants-arretes-lors-d-une-manifestation-20190620
france,http://www.lefigaro.fr/politique/le-scan/les-nouveaux-eurodeputes-francais-ont-fait-leur-rentree-a-strasbourg-20190702
france,http://www.lefigaro.fr/des-allemands-arretes-a-majorque-apres-une-plainte-pour-viol-20190704
france,http://www.lefigaro.fr/flash-eco/onu-110-millions-de-dollars-pour-l-agence-s-occupant-des-refugies-palestiniens-20190625
france,http://www.lefigaro.fr/flash-actu/papouasie-nouvelle-guinee-incendie-dans-un-camp-de-migrants-20190621
france,http://www.lefigaro.fr/flash-actu/landes-la-jeune-femme-retrouvee-morte-victime-de-violences-importantes-20190708
france,http://www.lefigaro.fr/actualite-france/le-115-contraint-de-fournir-la-liste-de-refugies-qu-il-accueille-20190711
france,http://www.lefigaro.fr/flash-actu/allemagne-un-irakien-condamne-a-perpetuite-pour-le-meurtre-d-une-adolescente-20190710
france,http://www.lefigaro.fr/cinema/mort-d-artur-brauner-rescape-de-la-shoah-et-producteur-du-jardin-des-finzi-contini-20190708
france,http://www.lefigaro.fr/social/pacte-social-et-ecologique-pour-laurent-berger-cfdt-le-compte-n-y-est-toujours-pas-20190618
france,http://www.lefigaro.fr/flash-actu/le-115-devra-transmettre-la-liste-des-refugies-heberges-a-l-ofii-20190629
france,http://www.lefigaro.fr/flash-actu/hautes-alpes-medecins-du-monde-demande-que-cesse-la-mise-en-danger-des-exiles-20190710
france,http://www.lefigaro.fr/flash-actu/canicule-quatre-deces-par-noyade-depuis-le-debut-de-la-semaine-annonce-agnes-buzyn-20190627
france,http://www.lefigaro.fr/politique/francois-de-rugy-a-presente-sa-demission-du-gouvernement-20190716
france,http://www.lefigaro.fr/flash-actu/saint-denis-l-enfant-blesse-apres-l-ouverture-d-une-bouche-a-incendie-est-hors-de-danger-20190628
france,http://www.lefigaro.fr/flash-actu/la-justice-reporte-l-examen-de-la-demande-d-extradition-du-beau-frere-de-ben-ali-20190619
france,http://www.lefigaro.fr/actualite-france/polemique-apres-l-evacuation-violente-de-militants-ecologistes-a-paris-20190630
france,http://www.lefigaro.fr/international/le-mexique-deploie-15-000-hommes-a-la-frontiere-americaine-20190624
france,http://www.lefigaro.fr/politique/europeennes-comment-ont-vote-les-francais-de-l-etranger-20190625
france,http://www.lefigaro.fr/politique/alexandra-valetta-ardisson-il-faut-revoir-les-accords-de-schengen-20190703
france,http://www.lefigaro.fr/actualite-france
france,http://www.lefigaro.fr/flash-actu/trump-annonce-le-report-d-une-vague-d-arrestations-de-sans-papiers-20190622
france,http://www.lefigaro.fr/flash-actu/les-etats-unis-vont-envoyer-1000-soldats-supplementaires-au-moyen-orient-20190618
france,http://www.lefigaro.fr/flash-actu/migrants-l-onu-appelle-a-ne-pas-penaliser-les-navires-humanitaires-20190711
france,http://www.lefigaro.fr/flash-actu/l-arabie-saoudite-met-en-garde-l-iran-contre-un-prix-a-payer-20190620
france,http://www.lefigaro.fr/flash-actu/incendie-dans-une-prison-de-charente-maritime-un-detenu-decede-20190628
france,http://www.lefigaro.fr/culture/une-ancienne-cite-philistine-decouverte-en-israel-20190709
france,http://www.lefigaro.fr/flash-actu/le-plan-de-paix-us-peut-reussir-car-il-inclut-le-secteur-prive-ministre-saoudien-20190626
france,http://www.lefigaro.fr/flash-actu/arabie-une-usine-de-dessalement-visee-par-une-attaque-des-rebelles-yemenites-20190620
france,http://www.lefigaro.fr/flash-actu/grande-bretagne-une-personnalite-d-extreme-droite-condamnee-a-neuf-mois-de-prison-20190711
france,http://www.lefigaro.fr/vox/politique/pantheon-carola-rackete-l-etrange-complaisance-de-l-etat-20190715
france,http://www.lefigaro.fr/flash-actu/intemperies-au-bangladesh-un-mort-dans-des-camps-de-rohingyas-20190707
france,http://www.lefigaro.fr/flash-actu/trump-menace-l-iran-d-une-attaque-destructrice-20190625
france,http://www.lefigaro.fr/international/la-belgique-accusee-d-avoir-livre-une-famille-d-ouigours-a-la-police-chinoise-20190619
france,http://www.lefigaro.fr/actualite-france/liberation-de-jean-claude-romand-ces-abbayes-qui-accueillent-d-anciens-criminels-20190628
france,http://www.lefigaro.fr/flash-actu/le-monde-est-confronte-a-un-apartheid-climatique-selon-l-onu-20190624
france,http://www.leparisien.fr/seine-et-marne-77/lieusaint-jeune-refugie-khalid-se-batit-un-avenir-de-macon-20-06-2019-8098809.php
france,http://www.leparisien.fr/essonne-91/essonne-ils-ont-quitte-leur-pays-galere-en-france-et-s-integrent-grace-au-travail-20-06-2019-8098854.php
france,http://www.leparisien.fr/paris-75/le-voleur-s-etait-refugie-dans-un-transformateur-08-05-2007-2008012667.php
france,http://www.leparisien.fr/faits-divers/meurtre-de-johanna-a-mont-de-marsan-un-syrien-ecroue-trois-suspects-mis-hors-de-cause-13-07-2019-8116143.php
france,http://www.leparisien.fr/international/refugies-70-millions-d-humains-vivent-en-exil-force-19-06-2019-8096451.php
france,http://www.leparisien.fr/faits-divers/perpignan-une-jeune-mere-tuee-par-son-compagnon-en-presence-de-leurs-trois-enfants-06-07-2019-8110989.php
france,http://www.leparisien.fr/societe/des-associations-refusent-de-devoiler-a-l-etat-la-liste-des-personnes-hebergees-par-le-115-06-07-2019-8111085.php
france,http://www.leparisien.fr/faits-divers/un-somalien-recherche-pour-tentative-de-meurtre-en-allemagne-arrete-en-france-04-07-2019-8109552.php
france,http://www.leparisien.fr/international/87/
france,http://www.leparisien.fr/international/410/
france,http://www.leparisien.fr/politique/castaner-pret-a-discuter-de-quotas-sur-l-immigration-economique-20-06-2019-8098731.php
france,http://www.leparisien.fr/societe/675/
france,http://www.leparisien.fr/faits-divers/1462/
france,http://www.leparisien.fr/paris-75/1195/
france,http://www.leparisien.fr/faits-divers/788/
france,http://www.leparisien.fr/info-paris-ile-de-france-oise/4769/
france,http://www.leparisien.fr/faits-divers/mont-de-marsan-plusieurs-adn-retrouves-sur-le-corps-de-johanna-blanes-12-07-2019-8115732.php
france,http://www.leparisien.fr/info-paris-ile-de-france-oise/4771/
france,http://www.leparisien.fr/faits-divers/869/
france,http://www.leparisien.fr/seine-saint-denis-93/montreuil-un-incubateur-pour-aider-les-refugies-a-creer-leur-entreprise-23-06-2019-8100702.php
france,http://www.leparisien.fr/yvelines-78/49/
france,http://www.leparisien.fr/info-paris-ile-de-france-oise/6019/
france,http://www.leparisien.fr/faits-divers/878/
france,http://www.leparisien.fr/info-paris-ile-de-france-oise/1751/
france,http://www.leparisien.fr/paris-75/785/
france,http://www.leparisien.fr/faits-divers/1170/
france,http://www.leparisien.fr/paris-75/paris-75018/184/
france,http://www.leparisien.fr/oise-60/beaurains-les-noyon-60400/4/
france,http://www.leparisien.fr/faits-divers/796/
france,http://www.leparisien.fr/info-paris-ile-de-france-oise/4883/
france,http://www.leparisien.fr/faits-divers/1006/
france,http://www.leparisien.fr/international/268/
france,http://www.leparisien.fr/info-paris-ile-de-france-oise/1419/
france,http://www.leparisien.fr/val-de-marne-94/fontenay-sous-bois-94120/6/
france,http://www.leparisien.fr/faits-divers/1022/
france,http://www.leparisien.fr/seine-saint-denis-93/seine-saint-denis-les-pompiers-sauvent-une-famille-des-flammes-07-07-2019-8111415.php
france,http://www.leparisien.fr/info-paris-ile-de-france-oise/1843/
france,http://www.leparisien.fr/yvelines-78/versailles-78000/70/
france,http://www.leparisien.fr/oise-60/pont-sainte-maxence-60700/6/
france,http://www.leparisien.fr/info-paris-ile-de-france-oise/2093/
france,http://www.leparisien.fr/paris-75/268/
france,http://www.leparisien.fr/essonne-91/corbeil-essonnes-laissez-vous-emporter-par-les-tableaux-de-danhoo-02-07-2019-8108175.php
france,http://www.leparisien.fr/info-paris-ile-de-france-oise/4780/
france,http://www.leparisien.fr/seine-et-marne-77/saint-mammes-77670/3/
france,http://www.leparisien.fr/international/280/
france,http://www.leparisien.fr/val-d-oise-95/puiseux-pontoise-95650/29/
france,http://www.leparisien.fr/seine-et-marne-77/champagne-sur-seine-77430/3/
france,http://www.leparisien.fr/paris-75/490/
france,http://www.leparisien.fr/paris-75/267/
france,http://www.leparisien.fr/info-paris-ile-de-france-oise/1834/
france,http://www.leparisien.fr/international/486/
france,http://www.leparisien.fr/yvelines-78/meulan-78250/4/
france,http://www.leparisien.fr/hauts-de-seine-92/vanves-92170/3/
france,http://www.leparisien.fr/societe/286/
france,http://www.leparisien.fr/oise-60/cannectancourt-60310/2/
france,http://www.leparisien.fr/oise-60/cuy-60310/2/
france,http://www.leparisien.fr/oise-60/genvry-60400/4/
france,http://www.leparisien.fr/oise-60/guiscard-60640/2/
france,http://www.leparisien.fr/essonne-91/saint-germain-les-arpajon-91180/10/
france,http://www.leparisien.fr/essonne-91/marolles-en-hurepoix-91630/7/
france,http://www.leparisien.fr/essonne-91/le-plessis-pate-91220/18/
france,http://www.leparisien.fr/essonne-91/la-norville-91290/8/
france,http://www.leparisien.fr/faits-divers/fin-de-cavale-pour-un-detenu-condamne-a-perpetuite-pour-meurtre-10-07-2019-8113518.php
france,http://www.leparisien.fr/paris-75/325/
france,http://www.leparisien.fr/societe/996/
france,http://www.leparisien.fr/hauts-de-seine-92/clamart-92140/6/
france,http://www.leparisien.fr/essonne-91/palaiseau-91120/42/
france,http://www.leparisien.fr/val-d-oise-95/herblay-95220/2/
france,http://www.leparisien.fr/hauts-de-seine-92/chatillon-92320/4/
france,http://www.leparisien.fr/essonne-91/chamarande-les-produits-locaux-font-le-plein-a-essonne-en-scene-28-06-2019-8105760.php
france,http://www.leparisien.fr/faits-divers/880/
france,http://www.leparisien.fr/faits-divers/1172/
france,http://www.leparisien.fr/paris-75/488/
france,http://www.leparisien.fr/paris-75/paris-75005/84/
france,http://www.leparisien.fr/faits-divers/797/
france,http://www.leparisien.fr/info-paris-ile-de-france-oise/5236/
france,http://www.leparisien.fr/paris-75/paris-75018/121/
france,http://www.leparisien.fr/culture-loisirs/tv/programme-tv-du-lundi-1er-juillet-notre-selection-01-07-2019-8107407.php
france,http://www.leparisien.fr/faits-divers/1168/
france,http://www.leparisien.fr/international/349/
france,http://www.leparisien.fr/seine-saint-denis-93/incendie-a-bobigny-mohamed-et-soumare-deux-heros-tres-discrets-07-07-2019-8111694.php
france,http://www.leparisien.fr/val-de-marne-94/gentilly-contre-la-violence-les-meres-de-famille-veulent-occuper-l-espace-07-07-2019-8111763.php
france,http://www.leparisien.fr/paris-75/paris-75012/63/
france,http://www.leparisien.fr/international/turquie-trois-jours-avec-teddy-riner-au-chevet-des-refugies-syriens-a-gaziantep-28-06-2019-8105175.php
france,http://www.leparisien.fr/paris-75/850/
france,http://www.leparisien.fr/val-d-oise-95/a-sarcelles-les-refugies-sont-formes-aux-metiers-manquant-de-main-d-oeuvre-24-06-2019-8101428.php
france,http://www.leparisien.fr/international/295/
france,http://www.leparisien.fr/val-d-oise-95/849/
france,http://www.leparisien.fr/international/195/
france,http://www.leparisien.fr/faits-divers/%C2%AB%20Ils%20ont%20arros%C3%A9%20leur%20gaz%20partout.%20Il%20y%20en%20avait%20%C3%A0%20l%27int%C3%A9rieur
france,http://www.leparisien.fr/yvelines-78/elancourt-78990/16/
france,http://www.leparisien.fr/sitemap_news_6.xml
france,https://www.parismatch.com/Actu/Faits-divers/Meurtre-de-Johanna-a-Mont-de-Marsan-un-refugie-syrien-de-32-ans-ecroue-1636931
france,https://www.parismatch.com/Actu/International/La-Belgique-a-la-recherche-d-une-famille-ouighoure-en-Chine-1631533
france,https://www.parismatch.com/Actu/International/Record-mondial-plus-de-70-millions-de-refugies-et-deplaces-fin-2018-1631494
france,https://www.parismatch.com/Actu/Faits-divers
france,https://www.parismatch.com/Actu/International/L-exil-force-de-Kal-Naga-1633832
france,https://www.parismatch.com/People/Amal-Clooney-deux-jours-pour-defendre-la-liberte-de-la-presse-1636497
france,https://www.parismatch.com/Actu/International/Un-Irakien-condamne-a-perpetuite-pour-le-meurtre-d-une-adolescente-en-Allemagne-1636248
france,https://www.parismatch.com/Actu/Societe/A-l-occasion-du-Mille-SNSM-rencontre-avec-les-sauveteurs-de-la-mer-1634533
france,https://www.parismatch.com/Actu/International/Europe-les-femmes-prennent-le-pouvoir-1636294
france,https://www.parismatch.com/People/Michael-Jackson-pedophilie-proces-2005-1632957
france,https://www.parismatch.com/Pays/Irak
france,https://www.lepoint.fr/phebe/phebe-sur-le-marche-du-travail-mieux-vaut-etre-immigre-que-refugie-09-07-2019-2323477_3590.php
france,https://www.lepoint.fr/societe/lot-et-garonne-ils-cambriolent-une-maison-et-liberent-un-python-de-1-30-m-11-07-2019-2324089_23.php
france,https://www.lepoint.fr/monde/mexique-les-centres-pour-migrants-au-bord-de-l-implosion-15-07-2019-2324705_24.php
france,https://www.lepoint.fr/monde/chine-la-belgique-a-la-recherche-d-une-famille-ouighoure-19-06-2019-2319757_24.php
france,https://www.lepoint.fr/monde/proces-d-un-trafiquant-de-migrants-en-italie-un-jury-admet-une-erreur-d-identite-12-07-2019-2324259_24.php
france,https://www.lepoint.fr/debats/tribune-les-chefs-d-entreprise-doivent-voir-l-immigration-comme-une-extraordinaire-opportunite-11-07-2019-2323985_2.php
france,https://www.lepoint.fr/monde/le-gouvernement-de-donald-trump-veut-verrouiller-l-acces-a-l-asile-15-07-2019-2324668_24.php
france,https://www.lepoint.fr/tags/rafael-correa
france,https://www.lepoint.fr/monde/verdict-attendu-au-proces-d-un-irakien-apres-un-meurtre-qui-choqua-l-allemagne-10-07-2019-2323655_24.php
france,https://www.lepoint.fr/tags/pays-bas
france,https://www.lepoint.fr/societe/la-justice-reporte-l-examen-de-la-demande-d-extradition-de-trabelsi-beau-frere-de-ben-ali-19-06-2019-2320035_23.php
france,https://www.lepoint.fr/monde/criminel-ou-victime-verdict-attendu-a-palerme-pour-le-boss-des-passeurs-12-07-2019-2324157_24.php
france,https://www.lepoint.fr/phebe/
france,https://www.lepoint.fr/monde/horreur-dans-le-hangar-n-3-du-centre-de-migrants-pres-de-tripoli-03-07-2019-2322609_24.php
france,https://www.lepoint.fr/monde/l-ex-chef-de-guerre-congolais-ntaganda-entend-son-jugement-a-la-cpi-08-07-2019-2323189_24.php
france,https://www.lepoint.fr/tags/somalie
france,https://www.lepoint.fr/afrique/congo-ntaganda-condamne-pour-crimes-de-guerre-et-contre-l-humanite-08-07-2019-2323301_3826.php
france,https://www.lepoint.fr/monde/superproduction-netflix-et-talk-shows-la-nouvelle-vie-des-sangliers-sauvages-20-06-2019-2320124_24.php
france,https://www.lepoint.fr/politique/emmanuel-berretta/ursula-von-der-leyen-devient-la-premiere-femme-presidente-de-la-commission-16-07-2019-2325014_1897.php
france,https://www.lepoint.fr/pop-culture/8-bd-pour-l-ete-10-07-2019-2323703_2920.php
france,https://www.lepoint.fr/newsletter/lepoint/?_gl=1*1s0dn9q*_ga*MTkwMTMwODM2NC4xNTE5NDE5NTA5
france,https://www.lepoint.fr/tags/suede
france,https://www.lepoint.fr/monde/washington-approuve-une-importante-vente-d-armes-a-taiwan-09-07-2019-2323424_24.php
france,https://www.lepoint.fr/societe/les-epouses-de-djihadistes-francais-interpellees-a-leur-retour-de-syrie-04-07-2019-2322728_23.php
france,https://www.lepoint.fr/archives/07-2019/09.php
france,https://www.lepoint.fr/monde/colere-et-peur-a-sanaa-apres-la-suspension-partielle-d-aides-du-pam-au-yemen-22-06-2019-2320431_24.php
france,https://www.lepoint.fr/pop-culture/comment-spider-man-s-inscrit-dans-la-tradition-chevaleresque-11-07-2019-2323994_2920.php
france,https://www.lexpress.fr/actualite/monde/plus-de-70-millions-de-refugies-et-deplaces-dans-le-monde-fin-2018_2084933.html
france,https://www.lexpress.fr/actualites/1/styles/ils-les-renvoient-au-mexique-au-sud-de-la-frontiere-des-centres-pour-migrants-debordes_2089821.html
france,https://www.lexpress.fr/actualites/1/monde/les-etats-unis-veulent-refuser-l-asile-aux-migrants-qui-transitent-par-le-mexique_2089780.html
france,https://www.lexpress.fr/actualites/1/styles/plainte-contre-les-restrictions-de-l-asile-voulues-par-le-gouvernement-trump_2090042.html
france,https://www.lexpress.fr/actualites/1/styles/le-gouvernement-de-donald-trump-veut-verrouiller-l-acces-a-l-asile_2089803.html
france,https://www.lexpress.fr/actualites/1/monde/chine-la-belgique-a-la-recherche-d-une-famille-ouighoure_2084944.html
france,https://www.lexpress.fr/actualites/1/monde/proces-d-un-trafiquant-de-migrants-en-italie-un-jury-admet-une-erreur-d-identite_2089357.html
france,https://www.lexpress.fr/actualites/1/societe/des-associations-se-mobilisent-contre-la-transmission-des-donnees-des-hebergements-d-urgence-aux-autorites_2088188.html
france,https://www.lexpress.fr/actualite/monde/julian-assange-ne-sera-pas-extrade-vers-un-pays-ou-il-encourt-la-peine-de-mort_2089870.amp.html?Echobox=1563257148&utm_medium=Social&utm_source=Facebook
france,https://www.lexpress.fr/actualites/1/monde/superproduction-netflix-et-talk-shows-la-nouvelle-vie-des-sangliers-sauvages_2085200.html
france,https://www.lexpress.fr/actualites/1/sport/tour-de-france-bardet-le-nouveau-coup-de-massue_2089214.html
france,https://www.lexpress.fr/actualites/1/styles/a-londres-les-marches-latinos-sous-la-menace-de-la-gentrification_2085729.html
france,https://www.lexpress.fr/actualites/1/politique/castaner-pret-a-discuter-de-quotas-sur-l-immigration-economique_2085257.html
france,https://www.lexpress.fr/actualites/1/monde/horreur-dans-le-hangar-n-3-du-centre-de-migrants-pres-de-tripoli_2087725.html
france,https://www.lexpress.fr/actualites/1/monde/verdict-attendu-au-proces-d-un-irakien-apres-un-meurtre-qui-choqua-l-allemagne_2088836.html
france,https://www.lexpress.fr/actualite/monde/europe/a-palerme-un-jury-reconnait-une-erreur-d-identite-sur-le-boss-des-passeurs_2089495.html
france,https://www.lexpress.fr/actualites/1/monde/colere-et-peur-a-sanaa-apres-la-suspension-partielle-d-aides-du-pam-au-yemen_2085676.html
france,https://www.lexpress.fr/culture/livre/1959-boris-vian-mort-d-un-copain_2082287.html
france,https://www.lexpress.fr/actualites/1/societe/la-justice-reporte-l-examen-de-la-demande-d-extradition-de-trabelsi-beau-frere-de-ben-ali_2085113.html
france,https://www.lexpress.fr/actualites/1/monde/criminel-ou-victime-verdict-attendu-a-palerme-pour-le-boss-des-passeurs_2089256.html
france,https://www.lexpress.fr/actualites/1/monde/l-ex-chef-de-guerre-congolais-ntaganda-entend-son-jugement-a-la-cpi_2088454.html
