,0
1,https://en.wikipedia.org/wiki/List_of_newspapers_in_Singapore
2,https://en.wikipedia.org/wiki/List_of_newspapers_in_the_Isle_of_Man
3,https://en.wikipedia.org/wiki/List_of_newspapers_in_Tokelau
5,https://en.wikipedia.org/wiki/List_of_newspapers_in_Tuvalu
6,https://en.wikipedia.org/wiki/List_of_newspapers_in_Haiti
8,https://en.wikipedia.org/wiki/List_of_newspapers_in_Malaysia
9,https://en.wikipedia.org/wiki/List_of_newspapers_in_Paraguay
10,https://en.wikipedia.org/wiki/List_of_newspapers_in_Slovenia
14,https://en.wikipedia.org/wiki/List_of_newspapers_in_Mauritius
15,https://en.wikipedia.org/wiki/List_of_newspapers_in_Rwanda
18,https://en.wikipedia.org/wiki/List_of_newspapers_in_Brunei
19,https://en.wikipedia.org/wiki/List_of_newspapers_in_Switzerland
21,https://en.wikipedia.org/wiki/List_of_newspapers_in_Turkmenistan
22,https://en.wikipedia.org/wiki/List_of_newspapers_in_Vietnam
23,https://en.wikipedia.org/wiki/List_of_newspapers_in_Azerbaijan
27,https://en.wikipedia.org/wiki/List_of_newspapers_in_El_Salvador
28,https://en.wikipedia.org/wiki/List_of_newspapers_in_Samoa
31,https://en.wikipedia.org/wiki/List_of_newspapers_in_Pakistan
34,https://en.wikipedia.org/wiki/List_of_newspapers_in_East_Timor
36,https://en.wikipedia.org/wiki/List_of_newspapers_in_Morocco
41,https://en.wikipedia.org/wiki/List_of_newspapers_in_Mexico
44,https://en.wikipedia.org/wiki/List_of_newspapers_in_Cuba
45,https://en.wikipedia.org/wiki/List_of_newspapers_in_Lesotho
46,https://en.wikipedia.org/wiki/List_of_newspapers_in_Fiji
49,https://en.wikipedia.org/wiki/List_of_newspapers_in_the_Canary_Islands
52,https://en.wikipedia.org/wiki/List_of_newspapers_in_Barbados
53,https://en.wikipedia.org/wiki/List_of_newspapers_in_Dominica
54,https://en.wikipedia.org/wiki/List_of_newspapers_in_the_Cayman_Islands
55,https://en.wikipedia.org/wiki/List_of_newspapers_in_Italy
56,https://en.wikipedia.org/wiki/List_of_newspapers_in_Malta
57,https://en.wikipedia.org/wiki/List_of_newspapers_in_South_Africa
58,https://en.wikipedia.org/wiki/List_of_newspapers_in_Burkina_Faso
60,https://en.wikipedia.org/wiki/List_of_newspapers_in_South_Korea
61,https://en.wikipedia.org/wiki/List_of_newspapers_in_the_Philippines
64,https://en.wikipedia.org/wiki/List_of_newspapers_in_Benin
65,https://en.wikipedia.org/wiki/List_of_newspapers_in_New_Zealand
67,https://en.wikipedia.org/wiki/List_of_newspapers_in_Vatican_City
69,https://en.wikipedia.org/wiki/List_of_newspapers_in_Sudan
71,https://en.wikipedia.org/wiki/List_of_newspapers_in_Nepal
72,https://en.wikipedia.org/wiki/List_of_newspapers_in_Germany
74,https://en.wikipedia.org/wiki/List_of_newspapers_in_Saudi_Arabia
75,https://en.wikipedia.org/wiki/List_of_newspapers_in_Suriname
78,https://en.wikipedia.org/wiki/List_of_newspapers_in_Bermuda
79,https://en.wikipedia.org/wiki/List_of_newspapers_in_Papua_New_Guinea
80,https://en.wikipedia.org/wiki/List_of_newspapers_in_Botswana
81,https://en.wikipedia.org/wiki/List_of_newspapers_in_Tanzania
82,https://en.wikipedia.org/wiki/List_of_newspapers_in_Jamaica
84,https://en.wikipedia.org/wiki/List_of_newspapers_in_the_United_Kingdom
85,https://en.wikipedia.org/wiki/List_of_newspapers_in_Greece
87,https://en.wikipedia.org/wiki/List_of_newspapers_in_China
88,https://en.wikipedia.org/wiki/List_of_newspapers_in_American_Samoa
89,https://en.wikipedia.org/wiki/List_of_newspapers_in_France
91,https://en.wikipedia.org/wiki/List_of_newspapers_in_Uzbekistan
93,https://en.wikipedia.org/wiki/List_of_newspapers_in_Turkey
94,https://en.wikipedia.org/wiki/List_of_newspapers_in_Romania
97,https://en.wikipedia.org/wiki/List_of_newspapers_in_Sweden
98,https://en.wikipedia.org/wiki/List_of_newspapers_in_Armenia
99,https://en.wikipedia.org/wiki/List_of_newspapers_in_the_United_States
101,https://en.wikipedia.org/wiki/List_of_newspapers_in_Kyrgyzstan
102,https://en.wikipedia.org/wiki/List_of_newspapers_in_Poland
105,https://en.wikipedia.org/wiki/List_of_newspapers_in_Afghanistan
106,https://en.wikipedia.org/wiki/List_of_newspapers_in_Jordan
110,https://en.wikipedia.org/wiki/List_of_newspapers_in_Sri_Lanka
117,https://en.wikipedia.org/wiki/List_of_newspapers_in_the_Bahamas
120,https://en.wikipedia.org/wiki/List_of_newspapers_in_the_United_States_Virgin_Islands
125,https://en.wikipedia.org/wiki/List_of_newspapers_in_Kiribati
126,https://en.wikipedia.org/wiki/List_of_newspapers_in_Libya
127,https://en.wikipedia.org/wiki/List_of_newspapers_in_Portugal
128,https://en.wikipedia.org/wiki/List_of_newspapers_in_Chile
129,https://en.wikipedia.org/wiki/List_of_newspapers_in_the_Democratic_Republic_of_the_Congo
130,https://en.wikipedia.org/wiki/List_of_newspapers_in_the_Czech_Republic
131,https://en.wikipedia.org/wiki/List_of_newspapers_in_French_Guiana
132,https://en.wikipedia.org/wiki/List_of_newspapers_in_Chad
135,https://en.wikipedia.org/wiki/List_of_newspapers_in_the_United_Arab_Emirates
137,https://en.wikipedia.org/wiki/List_of_newspapers_in_Canada
138,https://en.wikipedia.org/wiki/List_of_newspapers_in_Georgia_(country)
141,https://en.wikipedia.org/wiki/List_of_newspapers_in_Kosovo
142,https://en.wikipedia.org/wiki/List_of_newspapers_in_Israel
144,https://en.wikipedia.org/wiki/List_of_newspapers_in_India
146,https://en.wikipedia.org/wiki/List_of_newspapers_in_Macau
147,https://en.wikipedia.org/wiki/List_of_newspapers_in_Taiwan
148,https://en.wikipedia.org/wiki/List_of_newspapers_in_North_Korea
151,https://en.wikipedia.org/wiki/List_of_newspapers_in_Egypt
152,https://en.wikipedia.org/wiki/List_of_newspapers_in_Guyana
154,https://en.wikipedia.org/wiki/List_of_newspapers_in_Bhutan
155,https://en.wikipedia.org/wiki/List_of_newspapers_in_Liberia
157,https://en.wikipedia.org/wiki/List_of_newspapers_in_Serbia
158,https://en.wikipedia.org/wiki/List_of_newspapers_in_Burundi
159,https://en.wikipedia.org/wiki/List_of_newspapers_in_Iceland
161,https://en.wikipedia.org/wiki/List_of_newspapers_in_North_Macedonia
162,https://en.wikipedia.org/wiki/List_of_newspapers_in_Asia
164,https://en.wikipedia.org/wiki/List_of_newspapers_in_Oman
167,https://en.wikipedia.org/wiki/List_of_newspapers_in_Kuwait
171,https://en.wikipedia.org/wiki/List_of_newspapers_in_Liechtenstein
173,https://en.wikipedia.org/wiki/List_of_newspapers_in_Indonesia
175,https://en.wikipedia.org/wiki/List_of_newspapers_in_Finland
176,https://en.wikipedia.org/wiki/List_of_newspapers_in_the_Dominican_Republic
178,https://en.wikipedia.org/wiki/List_of_newspapers_in_North_America
179,https://en.wikipedia.org/wiki/List_of_newspapers_in_Iraq
182,https://en.wikipedia.org/wiki/List_of_newspapers_in_Ethiopia
183,https://en.wikipedia.org/wiki/List_of_newspapers_in_Malawi
184,https://en.wikipedia.org/wiki/List_of_newspapers_in_Norway
185,https://en.wikipedia.org/wiki/List_of_newspapers_in_Denmark
186,https://en.wikipedia.org/wiki/List_of_newspapers_in_Belarus
187,https://en.wikipedia.org/wiki/List_of_newspapers_in_Saint_Vincent_and_the_Grenadines
188,https://en.wikipedia.org/wiki/List_of_newspapers_in_Panama
189,https://en.wikipedia.org/wiki/List_of_newspapers_in_Monaco
192,https://en.wikipedia.org/wiki/List_of_newspapers_in_Moldova
193,https://en.wikipedia.org/wiki/List_of_newspapers_in_Europe
194,https://en.wikipedia.org/wiki/List_of_newspapers_in_Puerto_Rico
196,https://en.wikipedia.org/wiki/List_of_newspapers_in_South_America
197,https://en.wikipedia.org/wiki/List_of_newspapers_in_Honduras
199,https://en.wikipedia.org/wiki/List_of_newspapers_in_Myanmar
200,https://en.wikipedia.org/wiki/List_of_newspapers_in_Andorra
206,https://en.wikipedia.org/wiki/List_of_newspapers_in_Bolivia
207,https://en.wikipedia.org/wiki/List_of_newspapers_in_Zimbabwe
208,https://en.wikipedia.org/wiki/List_of_newspapers_in_the_Maldives
209,https://en.wikipedia.org/wiki/List_of_newspapers_in_Cameroon
213,https://en.wikipedia.org/wiki/List_of_newspapers_in_Uruguay
215,https://en.wikipedia.org/wiki/List_of_newspapers_in_Vanuatu
216,https://en.wikipedia.org/wiki/List_of_newspapers_in_Cyprus
217,https://en.wikipedia.org/wiki/List_of_newspapers_in_Slovakia
218,https://en.wikipedia.org/wiki/List_of_newspapers_in_Guernsey
219,https://en.wikipedia.org/wiki/List_of_newspapers_in_Zambia
220,https://en.wikipedia.org/wiki/List_of_newspapers_in_Bangladesh
226,https://en.wikipedia.org/wiki/List_of_newspapers_in_Colombia
227,https://en.wikipedia.org/wiki/List_of_newspapers_in_Lithuania
229,https://en.wikipedia.org/wiki/List_of_newspapers_in_Angola
230,https://en.wikipedia.org/wiki/List_of_newspapers_in_Hungary
232,https://en.wikipedia.org/wiki/List_of_newspapers_in_Latvia
233,https://en.wikipedia.org/wiki/List_of_newspapers_in_Costa_Rica
234,https://en.wikipedia.org/wiki/List_of_newspapers_in_Peru
235,https://en.wikipedia.org/wiki/List_of_newspapers_in_Tunisia
236,https://en.wikipedia.org/wiki/List_of_newspapers_in_Belgium
237,https://en.wikipedia.org/wiki/List_of_newspapers_in_Hong_Kong
239,https://en.wikipedia.org/wiki/List_of_newspapers_in_Argentina
244,https://en.wikipedia.org/wiki/List_of_newspapers_in_Laos
247,https://en.wikipedia.org/wiki/List_of_newspapers_in_Hawaii
249,https://en.wikipedia.org/wiki/List_of_newspapers_in_Jersey
254,https://en.wikipedia.org/wiki/List_of_newspapers_in_Belize
255,https://en.wikipedia.org/wiki/List_of_newspapers_in_Tajikistan
260,https://en.wikipedia.org/wiki/List_of_newspapers_in_the_Northern_Mariana_Islands
262,https://en.wikipedia.org/wiki/List_of_newspapers_in_Cambodia
263,https://en.wikipedia.org/wiki/List_of_newspapers_in_Russia
265,https://en.wikipedia.org/wiki/List_of_newspapers_in_Thailand
266,https://en.wikipedia.org/wiki/List_of_newspapers_in_Africa
274,https://en.wikipedia.org/wiki/List_of_newspapers_in_Qatar
275,https://en.wikipedia.org/wiki/List_of_newspapers_in_Montenegro
278,https://en.wikipedia.org/wiki/List_of_newspapers_in_the_Central_African_Republic
279,https://en.wikipedia.org/wiki/List_of_newspapers_in_Cape_Verde
281,https://en.wikipedia.org/wiki/List_of_newspapers_in_Djibouti
283,https://en.wikipedia.org/wiki/List_of_newspapers_in_Ivory_Coast
286,https://en.wikipedia.org/wiki/List_of_newspapers_in_Bulgaria
288,https://en.wikipedia.org/wiki/List_of_newspapers_in_Sierra_Leone
289,https://en.wikipedia.org/wiki/List_of_newspapers_in_Mozambique
290,https://en.wikipedia.org/wiki/List_of_newspapers_in_Ukraine
292,https://en.wikipedia.org/wiki/List_of_newspapers_in_Japan
293,https://en.wikipedia.org/wiki/List_of_newspapers_in_Luxembourg
295,https://en.wikipedia.org/wiki/List_of_newspapers_in_Senegal
301,https://en.wikipedia.org/wiki/List_of_newspapers_in_Bosnia_and_Herzegovina
302,https://en.wikipedia.org/wiki/List_of_newspapers_in_the_Republic_of_Ireland
303,https://en.wikipedia.org/wiki/List_of_newspapers_in_Croatia
304,https://en.wikipedia.org/wiki/List_of_newspapers_in_Albania
305,https://en.wikipedia.org/wiki/List_of_newspapers_in_Spain
307,https://en.wikipedia.org/wiki/List_of_newspapers_in_Syria
311,https://en.wikipedia.org/wiki/List_of_newspapers_in_Kenya
314,https://en.wikipedia.org/wiki/List_of_newspapers_in_Brazil
317,https://en.wikipedia.org/wiki/List_of_newspapers_in_Yemen
318,https://en.wikipedia.org/wiki/List_of_newspapers_in_the_Netherlands
319,https://en.wikipedia.org/wiki/List_of_newspapers_in_Tonga
320,https://en.wikipedia.org/wiki/List_of_newspapers_in_Uganda
321,https://en.wikipedia.org/wiki/List_of_newspapers_in_Lebanon
322,https://en.wikipedia.org/wiki/List_of_newspapers_in_the_Palestinian_territories
324,https://en.wikipedia.org/wiki/List_of_newspapers_in_Mongolia
325,https://en.wikipedia.org/wiki/List_of_newspapers_in_Estonia
326,https://en.wikipedia.org/wiki/List_of_newspapers_in_Venezuela
328,https://en.wikipedia.org/wiki/List_of_newspapers_in_Iran
331,https://en.wikipedia.org/wiki/List_of_newspapers_in_Ghana
333,https://en.wikipedia.org/wiki/List_of_newspapers_in_Austria
340,https://en.wikipedia.org/wiki/List_of_newspapers_in_Guatemala
341,https://en.wikipedia.org/wiki/List_of_newspapers_in_Oceania
342,https://en.wikipedia.org/wiki/List_of_newspapers_in_Kazakhstan
344,https://en.wikipedia.org/wiki/List_of_newspapers_in_the_Faroe_Islands
347,https://en.wikipedia.org/wiki/List_of_newspapers_in_the_British_Virgin_Islands
348,https://en.wikipedia.org/wiki/List_of_newspapers_in_Trinidad_and_Tobago
349,https://en.wikipedia.org/wiki/List_of_newspapers_in_Niue
351,https://en.wikipedia.org/wiki/List_of_newspapers_in_Madagascar
352,https://en.wikipedia.org/wiki/List_of_newspapers_in_Australia
355,https://en.wikipedia.org/wiki/List_of_newspapers_in_San_Marino
357,https://en.wikipedia.org/wiki/List_of_newspapers_in_Nigeria
358,https://en.wikipedia.org/wiki/List_of_newspapers_in_Bahrain
359,https://en.wikipedia.org/wiki/List_of_newspapers_in_Ecuador
360,https://en.wikipedia.org/wiki/List_of_newspapers_in_Namibia
362,https://en.wikipedia.org/wiki/List_of_newspapers_in_Guam
366,https://en.wikipedia.org/wiki/List_of_newspapers_in_Algeria
368,https://en.wikipedia.org/wiki/List_of_newspapers_in_Nauru
369,https://en.wikipedia.org/wiki/List_of_newspapers_in_Nicaragua
372,https://en.wikipedia.org/wiki/List_of_newspapers_in_Northern_Cyprus
373,https://en.wikipedia.org/wiki/List_of_newspapers_in_Solomon_Islands
