['deepspeech'],"Fake Voice Text to Speech Deep Learning ft. Elon Musk, Trump, Obama, and... https://t.co/wYbaLGjwIh via #deepspeech‚Ä¶ https://t.co/pXxFmx4g5b",rochbenritter,South and Middle Germany
"['programming', 'coding', 'programmer', 'javascript', 'coder', 'php', 'java', 'programminglife', 'developer']",RT @motherofnodejs: I have been spoiled by c# #programming #coding #programmer #javascript #coder #php #java #programminglife #developer #p‚Ä¶,js_bot_code,
[],RT @mkennedy: Hi folks. Who out there does or can you recommend for 1-on-1 coaching and mentoring in Python? I get asked to do this all the‚Ä¶,pythonyst,"Howell, NJ"
[],RT @VmixRapper: Australia is literally what Americans think Africa is. https://t.co/5qDZaxqGYB,Kori_Wen,"Accra, Ghüá¨üá≠"
"['data', 'science']","How to Use the Environmental Protection Agency‚Äôs (EPA‚Äôs) API to Pull Data fro...
https://t.co/DHRu2eCuM0
+1 Hal2000Bot #data #science",DataSci_Plow,Internet
[],"@CyberQuixote @iamrastating @d4n_tweets Get on my level, loser. I wrote some python AND powershell.",netsecfocus,
[],Python Open Source of the Month (v.June 2019) by @Mybridge https://t.co/fFDYS2gdPu,crossphd,Los Angeles
"['python', 'raspberrypi']",RT @analyticsnate: Installing #python OpenCV4 on a #raspberrypi is quite the process!,ComputeHole,https://compute-hole.woolweave
[],"I endorse this message.

This is literally a second side degree you'll have to do.

You're gonna have to sacrifice‚Ä¶ https://t.co/tvakxFYlBR",MichaelMburu_,Kenya
[],@ASpittel @allanjude College was useful for data-structures/algorithms and other theory-related things. But did I l‚Ä¶ https://t.co/x3ANq0xXOx,gumnos,"Dallas Metroplex, TX, USA"
[],Should I feel sad for these kids,bgiddu,"New Delhi, Chennai, Sydney"
[],RT @binitamshah: Comprehensive Python Cheatsheet : https://t.co/okImhtwvPB,Sjtabat,"Tehran, Iran"
[],RT @binitamshah: Comprehensive Python Cheatsheet : https://t.co/okImhtwvPB,bugasur,India
['Python'],"RT @FlorimondManca: My recent open source work has been focusing on the #Python async @GraphQL
 ecosystem. As a testimony, I've just publis‚Ä¶",pvergain,Europe
[],"RT @xtian_kisutsa: What every IT student in KE should learn before graduating from university.
1) Windows scripting (powershell)
2) Linux s‚Ä¶",CKNjugi,"Nairobi, Kenya"
[],"RT @xtian_kisutsa: What every IT student in KE should learn before graduating from university.
1) Windows scripting (powershell)
2) Linux s‚Ä¶",chrystotom,Universe
[],Building a Minimal Blockchain in Python https://t.co/Kf8W17naT3 https://t.co/O5nMbH1uOL,webAnalyste,France
[],"RT @xtian_kisutsa: What every IT student in KE should learn before graduating from university.
1) Windows scripting (powershell)
2) Linux s‚Ä¶",KeulFqke,
[],"SMH! 

How far are you with the python?",ChurchBoiTino,Offline
[],"@everythingCour1 Bayesian Machine Learning in Python: A/B Testing
Lazy Programmer Inc.

ü¶ãüî•üëá
Link :‚Ä¶ https://t.co/z5yFlINfdz",CourseNar,
[],RT @TeflonFatBoy: @FreeDaGeek Anythin I didn't know or was rusty on I wrote down and studied later at home. Used Python skills to automate‚Ä¶,7thletterja,Jamaica
[],"We also need coding boot camps for those who have passion in IT and cyber security, like me, but aren't taking it a‚Ä¶ https://t.co/HWpEvmMAqb",xx0rrz,C:/xx0rrz_w‚àÜlDs
[],"RT @CourseNar: @everythingCour1 Bayesian Machine Learning in Python: A/B Testing
Lazy Programmer Inc.

ü¶ãüî•üëá
Link : https://t.co/TQq93XemhD ‚Ä¶‚Ä¶",2Bftawfik,"Cairo, Egypt"
[],"RT @CourseNar: @everythingCour1 Bayesian Machine Learning in Python: A/B Testing
Lazy Programmer Inc.

ü¶ãüî•üëá
Link : https://t.co/TQq93XemhD ‚Ä¶‚Ä¶",Adrinbot,Georgia
[],"RT @MichaelMburu_: I endorse this message.

This is literally a second side degree you'll have to do.

You're gonna have to sacrifice a fir‚Ä¶",SBenerdette,"Nairobi, Kenya"
[],That last Overwatch team played as a Monty Python skit: run away!,cshl1,"42.8,-70.8  GMT-04"
[],@mixedknuts As someone who's recently been messing around with Python and the stuff in your open data repo this is‚Ä¶ https://t.co/OVt55HyC9l,_OliverStanley,West Midlands
[],"RT @binitamshah: pyattck : A Python package to interact with the Mitre ATT&amp;CK Framework : https://t.co/0TN7tzuMCV

Repo : https://t.co/Xlj3‚Ä¶",GardenerSantana,
[],RT @mkennedy: Hi folks. Who out there does or can you recommend for 1-on-1 coaching and mentoring in Python? I get asked to do this all the‚Ä¶,Transition,"Houston, TX"
[],Building a Neural Network in Python ‚Äì Language Modeling Task https://t.co/YZFuePLih6,Dr_Engler,Êñ∞ÂÆøÂçÄ
[],"@everythingCour1 Machine Learning A-Z‚Ñ¢: Hands-On Python &amp; R In Data Science
Kirill Eremenko,

üî•üëáü¶ã
Link :‚Ä¶ https://t.co/gMSEWG8MZ4",CourseNar,
[],"RT @CourseNar: @everythingCour1 Machine Learning A-Z‚Ñ¢: Hands-On Python &amp; R In Data Science
Kirill Eremenko,

üî•üëáü¶ã
Link :  https://t.co/GKfNO‚Ä¶",2Bftawfik,"Cairo, Egypt"
[],"RT @CourseNar: @everythingCour1 Machine Learning A-Z‚Ñ¢: Hands-On Python &amp; R In Data Science
Kirill Eremenko,

üî•üëáü¶ã
Link :  https://t.co/GKfNO‚Ä¶",Adrinbot,Georgia
[],RT @RobbieDuro: Next time on Australia isn‚Äôt a real place... https://t.co/tmyOFx5p2L,Joshie_ka,"Accra, Ghana"
['Tensorflow'],Python Deep Learning tutorial: Create a GRU (RNN) in TensorFlow https://t.co/at4THyZwF6  #Tensorflow,pythonbot_,
[],"RT @everythingCour1: Deep Learning Basics with Python, TensorFlow and Keras
by Jose Portilla

üî•üëáü¶ã
Link : https://t.co/CuXqmdKAhx
#100DaysOf‚Ä¶",chidambara09,Mysore  and  BERLIN 
"['MachineLearning', 'BigData', 'Analytics', 'DataScience', 'AI']","RT @DataScientistFr: 16,625: Number of #MachineLearning arXiv Papers Analyzed by MIT.  #BigData #Analytics #DataScience #AI #ReinforcementL‚Ä¶",chidambara09,Mysore  and  BERLIN 
['Python'],"RT @FlorimondManca: My recent open source work has been focusing on the #Python async @GraphQL
 ecosystem. As a testimony, I've just publis‚Ä¶",abdessalam_b98,"Paris, France"
['SciPy2019'],RT @higlass_io: Wow the @SciPyConf organizers are the best! üéâ The video recording of the #SciPy2019 talk by @nv1ctus and @flekschas is now‚Ä¶,flekschas,"Cambridge, MA"
[],"@everythingCour1 Machine Learning Hidden Markov Models in Python
Lazy Programmer Inc.

üî•üëáü¶ã
Link :‚Ä¶ https://t.co/SrB7t6idJj",CourseNar,
[],"RT @everythingCour1: Deep Learning Basics with Python, TensorFlow and Keras
by Jose Portilla

üî•üëáü¶ã
Link : https://t.co/CuXqmdKAhx
#100DaysOf‚Ä¶",xaelbot,Earth
[],"RT @CourseNar: @everythingCour1 Machine Learning Hidden Markov Models in Python
Lazy Programmer Inc.

üî•üëáü¶ã
Link : https://t.co/RgPjEQ5wGx ‚Ä¶‚Ä¶",Adrinbot,Georgia
[],"A Bigram Poem inspired by CourseNar:
 everythingCour1 Machine 
 Machine Learning 
 Learning Hidden 
 Hidden Markov‚Ä¶ https://t.co/fnDYYO18bt",BigramPoetry,"Kalamazoo, MI"
[],Always Look on the Bright Side of Life Sing-Along - Monty Python https://t.co/OJ4UcyV3h9 @YouTube„Çà„Çä,vzvf98ze,
[],"RT @BigramPoetry: A Bigram Poem inspired by CourseNar:
 everythingCour1 Machine 
 Machine Learning 
 Learning Hidden 
 Hidden Markov 
 Mark‚Ä¶",SantchiWeb,Wirral
[],"@everythingCour1 Deep Learning Basics with Python, TensorFlow and Keras
by Jose Portilla

üî•üëáü¶ã
Link :‚Ä¶ https://t.co/Bgn7ekYSwY",CourseNar,
[],"RT @CourseNar: @everythingCour1 Deep Learning Basics with Python, TensorFlow and Keras
by Jose Portilla

üî•üëáü¶ã
Link : https://t.co/e7iiT3b45O‚Ä¶",Adrinbot,Georgia
[],I‚Äôm a blue tongue skink 100% with a dash of bearded dragon and def some leopard gecko,oceanghoul,my illnessess r 2 long 2 list
[],RT @SWatercolour: the big news where I live is that there's a 9 foot python on the loose https://t.co/82Zlvs5G2j,amber_yiyi,Mexico
[],100% hog nose,DaRIAnmae12,
[],"RT @MichaelMburu_: I endorse this message.

This is literally a second side degree you'll have to do.

You're gonna have to sacrifice a fir‚Ä¶",mwetich__,Oddlands.
[],Google Colab‚Ää‚Äî‚ÄäYour Python workspace on cloud https://t.co/U48Sx6YUoA,kashifmanzoor,Dubai
['python'],how to add columns in pandas if its not present in dataframe https://t.co/dGdIBxJ0L6 #python,pythonlangbot,
[],RT @WillingCarol: Here's the slide deck from my keynote this morning @SciPyConf. The Scientific Python community is doing fantastic work. #‚Ä¶,pvergain,Europe
[],"RT @nabhansportsmed: Team USA is looking for a sport science/data scientist. Training load, wellness, injury surveillance and performance d‚Ä¶",nicoletitmas,USA Olympic Training Site - CA
[],Had a productive day at the @europython sprints hacking on gpiozero and @piwheels. Got a pull request from a first-‚Ä¶ https://t.co/811bNLSpHG,ben_nuttall,"Cambridge, UK"
"['data', 'science']","Building a Minimal Blockchain in Python
https://t.co/3QNHrktYTk
+1 Hal2000Bot #data #science",DataSci_Plow,Internet
[],Only 5 months 18 days 8 hours 30 minutes left until Python 2 retires,python2clock,
[],"RT @franknno: A6.
Yes, shockingly. üòç When young people aged 9-13 gather with the primary aim of inspiring the next generation to get excite‚Ä¶",EducarePak,Pakistan
"['infosec', 'hacking', 'hackers', 'Pentesting']","New Playground and Cheatsheet for Learning Python https://t.co/yylxsVtO5S 

#infosec #hacking #hackers #Pentesting‚Ä¶ https://t.co/Y6Vdfbh3iy",Hakin9,we are where you are
[],So far I‚Äôve rolled around on the grass with my kittens and sung Monty Python songs loudly!,Missymusician81,
"['machine', 'python', 'steps']",7 Steps to Mastering Data Preparation for Machine Learning with Python ‚Äî 2019 Edition #machine #python #steps‚Ä¶ https://t.co/Ie5Mmcz4N6,curated_data,127.0.0.1
[],RT @realpython: Loop Better: a deeper look at iteration in Python - Trey Hunner https://t.co/I3RNFA7tzz,origin_hosting,Worldwide
[],"CFTI, Chennai conducts Demand based Special Training programmes on ‚ÄúGold Appraisal‚Äù, ‚ÄúCCTV Installation‚Äù, ‚ÄúGST Trai‚Ä¶ https://t.co/jQKjoEEAIo",CFTI_Chennai,"Chennai, India"
[],RT @binitamshah: Comprehensive Python Cheatsheet : https://t.co/okImhtwvPB,nono2357,"Paris, France"
"['Backend', 'Code', 'Coding', 'DataScience', 'Developer', 'Development', 'Devops', 'Engineer', 'Engineering']","Free Bugs Funny T-Shirt
#Backend #Code #Coding #DataScience #Developer #Development #Devops #Engineer #Engineering‚Ä¶ https://t.co/MPcXiUL40m",totallynoob,73:79:6d:70:61:6e
"['Spectrum', 'InternetSpeed', 'automagic', 'python', 'corporateaccountability']","#Spectrum My #InternetSpeed :
Ping: 30.726 ms
Download: 190.95 Mbit/s
Upload: 11.57 Mbit/s
#automagic #python #corporateaccountability",BeardySmeardy,"Newtown, CT"
[],@mad_liberals @Air_Assault_101 So funny! üòÑ Monty Python and the Holy Grail is one of my favorite movies. This is awesome. I love it. üòç,Anthea06274890,
[],Python for Pentesters: Introduction to Python and Setting Up an Environment https://t.co/8yaK0A4TO9 https://t.co/0TPgTCUkfi,SecurityTube,"Sunnyvale, CA"
[],RT @WillingCarol: Here's the slide deck from my keynote this morning @SciPyConf. The Scientific Python community is doing fantastic work. #‚Ä¶,crystalline_cat,"Munich, Germany"
[],"RT @MichaelMburu_: I endorse this message.

This is literally a second side degree you'll have to do.

You're gonna have to sacrifice a fir‚Ä¶",acc_noname,Bermuda
"['programming', 'coding', 'programmer', 'javascript', 'coder', 'php', 'java', 'programminglife', 'developer']",RT @motherofnodejs: I have been spoiled by c# #programming #coding #programmer #javascript #coder #php #java #programminglife #developer #p‚Ä¶,AaronCuddeback,"Sacramento, CA"
[],"I decided to learn something else. 
I've learning python programming on my PC for the past 12 hours. It's interesti‚Ä¶ https://t.co/40xjxsaFgL",farombitomiwa,"Lagos, Nigeria"
[],"@CyberQuixote @netsecfocus @d4n_tweets I wrote the same hello world in Python, Powershell, and JavaScript. On your‚Ä¶ https://t.co/mgViRGcnQ6",iamrastating,"Manchester, UK"
"['infosec', 'hacking', 'hackers', 'Pentesting', 'programming']","RT @Hakin9: New Playground and Cheatsheet for Learning Python https://t.co/yylxsVtO5S 

#infosec #hacking #hackers #Pentesting #programming‚Ä¶",AaronCuddeback,"Sacramento, CA"
[],"RT @TinkerHub: Check out @manoramaonline 
TinkerHub Foundation to launch Python learning initiative Py-Lad https://t.co/XR2pN2uOAi
#learnin‚Ä¶",eKuttan,"Stockholm, Sweden"
[],"My colleagues the programmers were not doing deep arcane systems stuff, they were slinging python to generate web p‚Ä¶ https://t.co/PDTf3S6LmN",miniver,PDX & SFO
[],RT @bgiddu: Should I feel sad for these kids https://t.co/qSkWoqneYo,ArchanaAshok7,"Bengaluru South, India"
[],(eBay Ad) Michael Kors Fulton Large Leather Shoulder Tote Bag Black Python Embossed https://t.co/o3Xa0Vucy9 https://t.co/49t7ZVGw90,WomensBagsCloth,
[],"RT @itjegan: If you are very beginner to Python, you can learn from https://t.co/ESiamvvPHR",Arun88182618,"Bengaluru, India"
[],RT @RobbieDuro: Next time on Australia isn‚Äôt a real place... https://t.co/tmyOFx5p2L,KeliKyei,"Accra,Ghana"
"['python', 'machinelearning']",The latest Puerto Rico Pythons! https://t.co/HcurBwJyhK Thanks to @o_gabsferreira @cadamei @python_programm #python #machinelearning,pr_pig,Puerto Rico
[],@Matt41460366 I‚Äôm a mix of hog nose and ball python,Lulu_Renee15,
[],"@jdawsey1 @ColbyItkowitz Oh yeah, ""tough stuff.""

Pence, Graham, and the rest of those stooges - riding in on their‚Ä¶ https://t.co/DNg3NPR12z",lightbryantZZ,
[],Just imagine being so sheltered and coddled that you think people mocking you for being a shitty person is albiest‚Ä¶ https://t.co/zrjAB0W2OW,irIcatgirI,minion party
"['python', 'plutosdr']",RT @robinlgetz: Easier #python for #plutosdr. https://t.co/j5QZw3QaVN Feedback encouraged and appreciated at https://t.co/h0ExarklY2,b4um_,JO62
[],@_Rico21 @capital_sb Idk where I got this idea but can‚Äôt you automate them using python?,NaturalDojo,In my Dojo
[],"@JackPosobiec Paper cutter ? He‚Äôd run out of fingers shortly. 
Flower arrangement ? In the fine tradition of Monty‚Ä¶ https://t.co/Jyjk03GlSG",mm_305,BC üá®üá¶
[],@abhisekasahu .... u python worthy üòé,Arkan111,
"['data', 'science']","RT @DataSci_Plow: Building a Minimal Blockchain in Python
https://t.co/3QNHrktYTk
+1 Hal2000Bot #data #science",JustBeMentalist,Shropshire
[],RT @binitamshah: Comprehensive Python Cheatsheet : https://t.co/okImhtwvPB,D4rk36,127.0.1.1
[],PDF Download Starting Out with Python (4th Edition) -&gt; https://t.co/KjiExaMgx6,westmoreas,United States
[],"RT @binitamshah: pyattck : A Python package to interact with the Mitre ATT&amp;CK Framework : https://t.co/0TN7tzuMCV

Repo : https://t.co/Xlj3‚Ä¶",D4rk36,127.0.1.1
[],@ajcarpiod Both... But Python could provide more tools.,BraulioCh5,"Caracas, Venezuela"
"['python', 'javascript', 'angular', 'reactjs', 'vuejs', 'perl']","RT @ProgrammerBooks: Mastering Windows PowerShell Scripting : https://t.co/OktBaosBLR
#python #javascript #angular #reactjs #vuejs #perl #r‚Ä¶",massimozanchi,Italy
[],"RT @everythingCour1: Machine Learning A-Z‚Ñ¢: Hands-On Python &amp; R In Data Science
Kirill Eremenko,

üî•üëáü¶ã
Link :  https://t.co/WoFbdKXju0
#Mach‚Ä¶",AIBizDir,United States
[],RT @SecurityTube: Python for Pentesters: Introduction to Python and Setting Up an Environment https://t.co/8yaK0A4TO9 https://t.co/0TPgTCUk‚Ä¶,Kijana_Mkenya,"Nairobi, Kenya"
[],"RT @realpython: üêç Python ""for"" Loops (Definite Iteration) üîÉ-- https://t.co/Tld3v4PXvz https://t.co/ezJqGHnnLN",Charlot84074713,
[],"RT @everythingCour1: Machine Learning A-Z‚Ñ¢: Hands-On Python &amp; R In Data Science
Kirill Eremenko,

üî•üëáü¶ã
Link :  https://t.co/WoFbdKXju0
#Mach‚Ä¶",TheCuriousLuke,Switzerland
[],"RT @Deep_In_Depth: AI applications, chips, deep tech, and geopolitics in 2019: The stakes have never been higher | ZDNet https://t.co/qxIeY‚Ä¶",Touchme4youLe,"Lutry, Suisse"
"['python', 'javascript', 'angular', 'reactjs', 'vuejs', 'perl']","RT @ProgrammerBooks: Mastering Windows PowerShell Scripting : https://t.co/OktBaosBLR
#python #javascript #angular #reactjs #vuejs #perl #r‚Ä¶",JSTweetsBot,
[],Love this! An introduction to programming for executives,bartjkdp,Nederland
"['infosec', 'hacking', 'hackers']","Hakin9: New Playground and Cheatsheet for Learning Python https://t.co/UN6Fjt0bLb 

#infosec #hacking #hackers‚Ä¶ https://t.co/kJWL4p5UFy",WolfSec_ch,Z√ºrich
"['tracery', 'bot', 'CodeNewbie']","Today, I will practise slowly and attain Python like a typically heavenly gila monster! #tracery #bot #CodeNewbie‚Ä¶ https://t.co/owvPgQ0BIl",BotPb67,
[],Building a Minimal Blockchain in Python https://t.co/CBN4SFTTJ8,datafitter,"Leyden, The Netherlands"
[],"I need a software engineer, location Santa Elena, immediately available, Java and python experience. 70% english. Inbox CV. Best!",ResultEnglish,
[],"RT @binitamshah: pyattck : A Python package to interact with the Mitre ATT&amp;CK Framework : https://t.co/0TN7tzuMCV

Repo : https://t.co/Xlj3‚Ä¶",bugasur,India
['Python'],"RT @zopatista: Turns out, a surprising number of #Python developers don't know how to produce good hash values for their custom classes. I'‚Ä¶",Pythonista1,Everywhere
[],RT @binitamshah: Comprehensive Python Cheatsheet : https://t.co/okImhtwvPB,Savan_77,"Ahmadabad City, India"
"['DataAnalytics', 'DataScience', 'BigData', 'MachineLearning', 'IoT']",Machine Learning Algorithms that Learn from Experience. #DataAnalytics #DataScience #BigData #MachineLearning #IoT‚Ä¶ https://t.co/cYyecrM7ac,Harry_Robots,"Renton, WA"
[],Building a Minimal Blockchain in Python https://t.co/YFhRmdgQtW,gkarapalidis,"Portsmouth, Southsea UK"
[],RT @KelseyUtne: Python can combine image files to create PDFs???!!! *cackles like madwoman* Once I finish this code I am about to cut HOURS‚Ä¶,RaspaPLUSdevi,"üôèIn my cave, seriously üßòüèº‚Äç‚ôÇ"
[],"RT @xtian_kisutsa: What every IT student in KE should learn before graduating from university.
1) Windows scripting (powershell)
2) Linux s‚Ä¶",_cyberpunkninja,"Washington, DC"
[],"RT @xtian_kisutsa: What every IT student in KE should learn before graduating from university.
1) Windows scripting (powershell)
2) Linux s‚Ä¶",CkNgetich,+254
[],"left: white ball python
right: albino corn snake",nickyconsales,under my bed
[],RT @binitamshah: Comprehensive Python Cheatsheet : https://t.co/okImhtwvPB,JAX_MASTERS,
[],RT @PyConUK: Know someone female or non-binary who is interested in finding out about programming and the world of python/django? Encourage‚Ä¶,RTFMCelia,üåç
"['Social', 'UX', 'UI', 'nodejs', 'clojure', 'perl', 'reactjs', 'angularjs', 'jquery', 'html5']","https://t.co/25KXKL7LCS is For Sale

#Social #UX #UI #nodejs #clojure #perl #reactjs #angularjs #jquery #html5‚Ä¶ https://t.co/BZjKP2HBtM",egreen460,"Planet Earth, Milkyway Galaxy "
[],RT @tadzio73Secur: Ghostfuscator - The Python Password-Protected Obfuscator Using AES Encryption https://t.co/85YRrqN8ij https://t.co/mOsFc‚Ä¶,massimozanchi,Italy
[],"I wrote a blog post (more of a braindump, really) about using Python/Django from the perspective of a Ruby/Rails dev https://t.co/9ogUbM5i1A",pdoherty926,"Brooklyn, NY"
[],makes me sad that @/cshsb changed it :c,roxettastonex,shawn mendes x nico mirallegro
"['TuxMachines', 'Android', 'Python', 'programming']","RT @schestowitz: #TuxMachines (TM) has begun covering not only #Android but also #Python / #programming things, provided they're FOSS. Old‚Ä¶",schestowitz,North Pole
[],PDF Download Free Deep Learning for Beginners: Practical Guide with Python and Tensorflow (Data Sciences) &gt;&gt; https://t.co/XfHOd9sPG8,LucasTazed,"Curitiba, Brazil"
"['Bitdegree', 'BDG']",Looking for free learning website? #Bitdegree #BDG Python Masterclass: https://t.co/KqXqjkXXYb,ElectronicBlock,
"['Social', 'UX', 'UI', 'nodejs', 'clojure', 'perl', 'reactjs', 'angularjs', 'jquery', 'html5', 'css3', 'ruby']","RT @egreen460: https://t.co/25KXKL7LCS is For Sale

#Social #UX #UI #nodejs #clojure #perl #reactjs #angularjs #jquery #html5 #css3 #ruby #‚Ä¶",_reactdev,Everywhere
[],Definitely Goon Show/Python silliness about it.,lustforlaughs,on the road
['DeepLearning'],RT @Deep_In_Depth: Elon Musk's Neuralink to livestream special project update on July 16 https://t.co/hsAGfhAHtq #DeepLearning #MachineLear‚Ä¶,hubermantamir,Israel / US
[],ball python or hognose,ababyles,"Austin, TX"
[],RT @KitPloit: Ghostfuscator - The Python Password-Protected Obfuscator Using AES Encryption https://t.co/8tAfKFc6IK https://t.co/GqkDHJV2wE,JAX_MASTERS,
[],Photos Show Moment Huge Python Swallowed A¬†Crocodile https://t.co/4uGHLCcz7m https://t.co/yfHtWACUmq,apnaijablog,Nigeria üá≥üá¨
[],"RT @xtian_kisutsa: What every IT student in KE should learn before graduating from university.
1) Windows scripting (powershell)
2) Linux s‚Ä¶",__timmo,Nairobi
[],"Comprehensive Python Cheatsheet

https://t.co/ldXesYJgrz",_KeepAlive,
[],RT @pycoders: Domain Driven Design for Python  https://t.co/QfxZ0oqdUV,nalssee,
[],RT @Itz_Konani: Build a future into your child today! Enroll him/her for the Coding &amp; Robotics summer camp. Your child will be taught on ho‚Ä¶,Signora_Larissa,Holy of Holies
[],@NYTNational I think Bob should leave Chicago and come to Morgantown West Virginia to find the 150 pound python tha‚Ä¶ https://t.co/r1ENBhHL66,tedsbear1,"Kennedy Township, PA"
[],"RT @xtian_kisutsa: What every IT student in KE should learn before graduating from university.
1) Windows scripting (powershell)
2) Linux s‚Ä¶",Collo_xci,Nairobi
[],"RT @AloyEjimakor: @osita_chidoka @gofundme Will be nice to also do it for your fellow Igbos killed by acts of State terror since 2016, espe‚Ä¶",Jude091112,
[],"RT @Quanuck: @DiamondandSilk AOC gone wild! She replaced SNL, now a live version of Monty Python https://t.co/WYVsLn6bTB",Kathlee01561884,
[],Python ‚Äì TheQuickBlog - https://t.co/8pu2NDDOTm via @Shareaholic,sumandhakal_,Nepal
[],RT @binitamshah: Comprehensive Python Cheatsheet : https://t.co/okImhtwvPB,patux,
[],Hey Beer friends - We look for a programmer who is very good with Python ‚Äî PALNet https://t.co/BhIyec8s8H‚Ä¶ https://t.co/mXNaFj3iNG,joanstewart1,Durban - South Africa
[],RT @binitamshah: Comprehensive Python Cheatsheet : https://t.co/okImhtwvPB,hervmention,Belgique & France
[],"@Graeme_C üç∫üçªüåû
https://t.co/6aGFx8XYwT
üé• You lucky bastard (Dungeon Scene) Monty Python-Life of Brian ...",Mc_Chouffe_1,Brewdog referral code: R027877
[],"For an accessible introduction to:
1. hyperparameter training 
2. the model variance - bias trade off
learn about r‚Ä¶ https://t.co/uXgiJx9OHu",GeostatsGuy,"Born üá®üá¶, Now Austin, TX üá∫üá∏"
[],"@Fyoung_Jr If it makes you feel any better... I _always_ have a ton of Google tabs open to look stuff up.

As one s‚Ä¶ https://t.co/eqbIJsH5Wv",acemarke,"Dayton, OH"
"['infosec', 'hacking', 'hackers', 'Pentesting', 'programming']","RT @Hakin9: New Playground and Cheatsheet for Learning Python https://t.co/yylxsVtO5S 

#infosec #hacking #hackers #Pentesting #programming‚Ä¶",_cyberpunkninja,"Washington, DC"
[],"RT @AfroRoboticist: My guy's a Backend specialist with Nodejs here!!!
Open to remote opportunities.
Hit him up!!! https://t.co/omWg2au2E7",oladipoumar1,"Osun, Nigeria"
[],"RT @acemarke: @Fyoung_Jr If it makes you feel any better... I _always_ have a ton of Google tabs open to look stuff up.

As one specific ex‚Ä¶",acemarke,"Dayton, OH"
[],What could be more productive than making your own productivity tool using python! https://t.co/YCBe2NFY1F ‚Ä¶‚Ä¶ https://t.co/unhbZZYcj8,codeharvestio,Mumbai
[],Don't Miss out on these 24 Amazing Python Libraries for Data Science via @analyticsvidhya: https://t.co/M1hMoKx13R,cspenn,"Boston, MA"
[],RT @SecurityTube: Python for Pentesters: Introduction to Python and Setting Up an Environment https://t.co/8yaK0A4TO9 https://t.co/0TPgTCUk‚Ä¶,_cyberpunkninja,"Washington, DC"
[],RT @realpython: Loop Better: a deeper look at iteration in Python - Trey Hunner https://t.co/I3RNFA7tzz,__wavelength__,127.0.0.1
[],RT @binitamshah: Comprehensive Python Cheatsheet : https://t.co/okImhtwvPB,_neigara_,
[],"RT @AgBioWorld: For many Indian kids, the first language is not Hindi or English, but Python! The goal is to nurture in a child the skill t‚Ä¶",AgBioWorld,"Alabama, USA"
[],"@flamingobonez I‚Äôm legit three of them to a tea, Crested Gecko, Ball Python, and Hognose üòÇüòÇ",KeraIsAReptile,
[],"I just completed Day 16 of the 21DayCkChallenge. Learning ""Surrounding Yourself with Mentors"". Join me on‚Ä¶ https://t.co/57APj9zGfA",kish_813,"Greensboro, NC"
[],"@whitequark @CatTyped Well, that last thing's a problem. I guess what concerns me (having once written something si‚Ä¶ https://t.co/a3vjzeJ46v",mcclure111,
[],"RT @xtian_kisutsa: What every IT student in KE should learn before graduating from university.
1) Windows scripting (powershell)
2) Linux s‚Ä¶",peng_bubba,"Nairobi, Kenya"
[],Python swallows crocodile whole in one long bite https://t.co/BvRA30VjBx via @nypost,johnnygoldstei1,
['udemy'],"Free Coupons Discount - React Front To Back 2019 Courses -&gt; https://t.co/l7MercGGO9¬†                    

#udemy‚Ä¶ https://t.co/62yC0MJjou",freecoupondisco,
['udemy'],"RT @freecoupondisco: Free Coupons Discount - React Front To Back 2019 Courses -&gt; https://t.co/l7MercGGO9¬†                    

#udemy #100D‚Ä¶",Adrinbot,Georgia
"['Social', 'UX', 'UI', 'nodejs', 'clojure', 'perl', 'reactjs', 'angularjs', 'jquery', 'html5', 'css3', 'ruby']","RT @egreen460: https://t.co/25KXKL7LCS is For Sale

#Social #UX #UI #nodejs #clojure #perl #reactjs #angularjs #jquery #html5 #css3 #ruby #‚Ä¶",Programming24,"New York, USA"
[],"@Paxxi @ben_a_adams @sonictt1 @shanselman @DrBrianMay Anyone can be a rockstar developer! If you write Python, you'‚Ä¶ https://t.co/PiwU6keqOo",dylanbeattie,"London, UK"
[],RT @Itz_Konani: Build a future into your child today! Enroll him/her for the Coding &amp; Robotics summer camp. Your child will be taught on ho‚Ä¶,Miyen2010,"Lagos, Nigeria"
"['python', 'ad']",The Python Language Reference Manual (Python Manual) https://t.co/czv1sUtc0D  #python #ad,pythonbot_,
"['python', 'ad']",Learning Flask Framework https://t.co/C3IMZChOwp  #python #ad,pythonbot_,
"['infosec', 'hacking', 'hackers', 'Pentesting', 'programming']","RT @Hakin9: New Playground and Cheatsheet for Learning Python https://t.co/yylxsVtO5S 

#infosec #hacking #hackers #Pentesting #programming‚Ä¶",Gurgling_MrD,"York, UK"
[],"RT @PythonHub: Elements of Functional Programming in¬†Python

Learn how to how to use the lambda, map, filter,¬†and‚Ä¶

https://t.co/ncGLTDaSxS",codeharvestio,Mumbai
"['infosec', 'hacking', 'hackers', 'Pentesting', 'programming']","RT @Hakin9: New Playground and Cheatsheet for Learning Python https://t.co/yylxsVtO5S 

#infosec #hacking #hackers #Pentesting #programming‚Ä¶",cephalopodluke2,
"['Military', 'Car', 'UX', 'UI', 'nodejs', 'clojure', 'perl', 'reactjs', 'angularjs', 'jquery', 'html5']","RT @xilinx9959: https://t.co/H9jtV75i56 is For Sale

#Military #Car #UX #UI #nodejs #clojure #perl #reactjs #angularjs #jquery #html5 #Mili‚Ä¶",Blistified,Higher New Earth Consciousness
['HackTheBox'],"RT @ippsec: #HackTheBox Friendzone video is up!  An easy Linux box that shows the importance of always doing enumeration in the background,‚Ä¶",JAX_MASTERS,
[],"RT @dylanbeattie: @Paxxi @ben_a_adams @sonictt1 @shanselman @DrBrianMay Anyone can be a rockstar developer! If you write Python, you're a P‚Ä¶",Paxxi,"Pite√•, Sverige"
[],"@kengolden8 @41Strange Thank you - very thoughtful - my afternoon just got kinder and gentler, once I had knew for‚Ä¶ https://t.co/yUwHRupWy1",kazanstee,London
[],"@mcclure111 @CatTyped I'm not sure I follow, what are ""nMigen layer"" and ""Python layer"" exactly?",whitequark,backup account: @whitequark_gen2
[],Functions &amp; returning in Pythonüêç. https://t.co/qsZLNdUXP1,BranzoldeC,
[],Python has awesome readability and it is really simple and all but nothing really beats the fact your job as a deve‚Ä¶ https://t.co/KjJHhdlD4v,info_ankhub,"Nagpur, India"
[],"RT @xtian_kisutsa: What every IT student in KE should learn before graduating from university.
1) Windows scripting (powershell)
2) Linux s‚Ä¶",Iam_Dwiiight,stars.
[],@scousehomer @billsybrown2 @jenefcforever @barb_davies @john_nufc42 @cattywhites2 @MikeLangford17 @Mal1878Malachy‚Ä¶ https://t.co/Lu89uDCdqt,DarylDixie1970,"Wales, United Kingdom"
['ttownpython'],RT @CheshireCatSaid: Just spotted the missing Tuscaloosa python backup dancing at a pussy riot concert in Birmingham! #ttownpython @PythonT‚Ä¶,VirginiaNewcomb,‚Ä¢ AL via LA via AL via ü•ö‚Ä¢
[],"RT @dylanbeattie: @Paxxi @ben_a_adams @sonictt1 @shanselman @DrBrianMay Anyone can be a rockstar developer! If you write Python, you're a P‚Ä¶",rhelune,
[],"Review Online Learning the Pandas Library: Python Tools for Data Munging, Analysis, and Visual =&gt; https://t.co/8gpDbkiLuK",JackieOchsner,Sweden
[],RT @sadthugszn: @VintageSeri : Emporio Armani Python Print Courts. Bad bitch shoes for my fav bad bitch ü§™ https://t.co/9KnkioSRiJ,VintageSeri,"Durban, South Africa"
[],the new DJ Python record should be 5-6 hours longer imo,saddadhouse,"San Francisco, CA"
[],"@hamletbatista Please don't read my tweet and think I'm some selfish arse hole as that's not the case.

I used to r‚Ä¶ https://t.co/ZEItNGueRi",bigmetrics_io,The North
[],Building a Minimal Blockchain in Python https://t.co/AhhZjbLEcu https://t.co/6Ac16EZYiB,fabianbreschi,Europe
[],"RT @seanjtaylor: LPM vs logit is the R vs Python, the Emacs vs Vim, the PyTorch vs Tensorflow heated debate that we‚Äôll never get to have be‚Ä¶",_RCharlie,
[],Hey Beer friends - We look for a programmer who is very good with Python ‚Äî PALNet https://t.co/BhIyecq30f‚Ä¶ https://t.co/I2LHBsNQkV,joanstewart1,Durban - South Africa
[],RT @KatlynCole8: Boogie the black pastel ball python is finished! This was a two part commission. A 9x12 and a 5x7 both are now complete an‚Ä¶,KatlynCole8,"Florida, USA"
"['BigData', 'Analytics', 'DataScience']",RT @gp_pulipaka: Data Superheroes Among US: The Whole Next Level Of Human Brain by @IamBrooke94. #BigData #Analytics #DataScience #MachineL‚Ä¶,wolv1000,"Incline Village, NV"
"['infosec', 'hacking', 'hackers', 'Pentesting', 'programming']","RT @Hakin9: New Playground and Cheatsheet for Learning Python https://t.co/yylxsVtO5S 

#infosec #hacking #hackers #Pentesting #programming‚Ä¶",SecurityXTV,"England, United Kingdom"
['udemy'],"RT @freecoupondisco: Free Coupons Discount - React Front To Back 2019 Courses -&gt; https://t.co/l7MercGGO9¬†                    

#udemy #100D‚Ä¶",GamerGeekNews,
[],"RT @MrScottLads: üî•Has the news &amp; criminals in washington got you feeling angry or even down?üî•

It's time for us to vent and let our hair do‚Ä¶",M_C_Miller,Southwest Missouri
[],"JSON‚Ää-‚ÄäThe Python Way 

 (https://t.co/lXy7rUkS8P 

   What is JSON¬†?‚Ää-‚ÄäThe Fat-Free Alternative to XML. 7 min read‚Ä¶ https://t.co/WGxE0bwSOT",rnalytics,"Riverside, CA"
[],Mobi Download Python Data Mining Quick Start Guide: A beginner's guide to extracting valuable insights from your da‚Ä¶ https://t.co/S2VmBjRz6x,AdaSzaboo,austr
[],"RT @biglesp: Take a look at live stats from my @Raspberry_Pi 4
https://t.co/Sp6pEz6HPw
All made in Python, web app and the server sending t‚Ä¶",ben_nuttall,"Cambridge, UK"
['SEO'],"RT @sejournal: Advanced Duplicate Content Consolidation with Python via @hamletbatista: https://t.co/BZ6O8FUG5U 

#SEO #SearchEngineOptimiz‚Ä¶",SEOorDIE_,"Catalu√±a, Espa√±a"
"['us', 'cryptohist', 'coinmarketcap', 'november']",CryptoHist: Python Scraper for Cryptocurrencies - Data Blogger #us #cryptohist #coinmarketcap #november https://t.co/j20JmcssID,curated_data,127.0.0.1
[],@mkennedy Reuven Lerner has a youtube series and literally teaches python to businesses for a living.,chris2fer99,NOYB
"['weather', 'minnesota', 'photo', 'raspberrypi', 'python']",This Hours Photo: #weather #minnesota #photo #raspberrypi #python https://t.co/XG4EJ1jFcE,earaspi,"Lakeville, MN"
"['recursion', 'GIMP', 'fractals', 'Python']","fractionary obstipated
 by Jared Haer

#recursion #GIMP #fractals #Python https://t.co/tc7VA2NCwd",Jared216,"Saint Joseph, MO"
[],RT @pycoders: Domain Driven Design for Python  https://t.co/QfxZ0oqdUV,0xWeeb,under your bed
[],"I remember when we started working with Sunday, he knew virtually nothing about the computer. He had a dream of cre‚Ä¶ https://t.co/4wPPOzhbzc",henrygodween,Nigeria
[],"RT @xtian_kisutsa: What every IT student in KE should learn before graduating from university.
1) Windows scripting (powershell)
2) Linux s‚Ä¶",walterphatush,kabarak
"['Jupyter', 'BigData', 'Analytics', 'DataScience', 'AI', 'MachineLearning', 'IoT']",RT @gp_pulipaka: I  Analyzed 1 Million #Jupyter Notebooks‚Ää‚Äî‚ÄäNow You Can Too. #BigData #Analytics #DataScience #AI #MachineLearning #IoT #II‚Ä¶,cuni0716,
[],@flamingobonez Ball python for sure. Even stressed after reading that I‚Äôm stressed,joyella_stine,
[],"The Python vs. R debate rages on in the data scientist community, Here's how the two coding languages match up.‚Ä¶ https://t.co/gS3TiRKYQS",panoplyio,"San Francisco, CA"
[],Building a Minimal Blockchain in Python https://t.co/dIdF4teBox https://t.co/hg214bvp7P,fabianbreschi,Europe
[],@SaraLoTemplio Thats a great idea! Do you have any suggestions for IDEs that you've liked for Python? Thinking of s‚Ä¶ https://t.co/MhpxWtM0L5,ITRuginski,"Salt Lake City, UT"
[],RT @binitamshah: Comprehensive Python Cheatsheet : https://t.co/okImhtwvPB,Twirtus,
['python'],RT @codeharvestio: What could be more productive than making your own productivity tool using python! https://t.co/YCBe2NFY1F ‚Ä¶ #python #pr‚Ä¶,AaronCuddeback,"Sacramento, CA"
"['Python', 'recursion', 'fractals']","birred inorderly
 by Jared Haer

#Python #recursion #fractals https://t.co/u7iL1PnA7r",Jared216,"Saint Joseph, MO"
[],RT @louslittlezoo: I‚Äôm a bearded dragon but also ball python https://t.co/sR60nJHNB6,brecoric,the clouds
['Blockchain'],"Building a Minimal #Blockchain in #
https://t.co/5IW3GRZxMo https://t.co/MyJ1NUaetz",ethereal_ai,Aruba | Canada 
[],RT @binitamshah: Comprehensive Python Cheatsheet : https://t.co/okImhtwvPB,Mec_Ibere_Kewl,BZH
['100DaysOfCode'],"DAY-2
#100DaysOfCode 
Today, I solved another problem set. This problem was published in CTU Open 2015.
problem set‚Ä¶ https://t.co/5FD8CiYUlw",iqrar99_,"Depok, Indonesia"
['100DaysOfCode'],"RT @iqrar99_: DAY-2
#100DaysOfCode 
Today, I solved another problem set. This problem was published in CTU Open 2015.
problem set:
https://‚Ä¶",CoderNotesBot,codeanywhere.com
['100DaysOfCode'],"RT @iqrar99_: DAY-2
#100DaysOfCode 
Today, I solved another problem set. This problem was published in CTU Open 2015.
problem set:
https://‚Ä¶",Adrinbot,Georgia
['100DaysOfCode'],"RT @iqrar99_: DAY-2
#100DaysOfCode 
Today, I solved another problem set. This problem was published in CTU Open 2015.
problem set:
https://‚Ä¶",100xcode,
"['Mathematics', 'BigData', 'Analytics', 'DataScience']",#Mathematics Predicts a Sixth Mass Extinction (Natural Disasters - Not Man-Made). #BigData #Analytics #DataScience‚Ä¶ https://t.co/HjZ44gtqfP,gp_pulipaka,"Redondo Beach, CA"
"['Mathematics', 'BigData', 'Analytics', 'DataScience', 'AI']",RT @gp_pulipaka: #Mathematics Predicts a Sixth Mass Extinction (Natural Disasters - Not Man-Made). #BigData #Analytics #DataScience #AI #Ma‚Ä¶,ServerlessFan,Sri Lanka
"['Mathematics', 'BigData', 'Analytics', 'DataScience', 'AI']",RT @gp_pulipaka: #Mathematics Predicts a Sixth Mass Extinction (Natural Disasters - Not Man-Made). #BigData #Analytics #DataScience #AI #Ma‚Ä¶,DeepSingularity,"Los Angeles, CA"
"['recursion', 'fractals', 'Python', 'GIMP']","bisections weatherproofness
 by Jared Haer

#recursion #fractals #Python #GIMP https://t.co/UjFEx3gps9",Jared216,"Saint Joseph, MO"
"['Mathematics', 'BigData', 'Analytics', 'DataScience', 'AI']",RT @gp_pulipaka: #Mathematics Predicts a Sixth Mass Extinction (Natural Disasters - Not Man-Made). #BigData #Analytics #DataScience #AI #Ma‚Ä¶,RaymondWSA460,
[],"RT @henrygodween: I remember when we started working with Sunday, he knew virtually nothing about the computer. He had a dream of creating‚Ä¶",obakhamik,Ogun State
[],@FrankOctopus @das_munch Piers was like the Monty Python knight who keeps spoiling for a fight even when all his limbs have been chopped off,jackiepatie,Kent
[],"RT @xtian_kisutsa: What every IT student in KE should learn before graduating from university.
1) Windows scripting (powershell)
2) Linux s‚Ä¶",mwiksnguyo,
"['Mathematics', 'BigData', 'Analytics', 'DataScience', 'AI']",RT @gp_pulipaka: #Mathematics Predicts a Sixth Mass Extinction (Natural Disasters - Not Man-Made). #BigData #Analytics #DataScience #AI #Ma‚Ä¶,ArkangelScrap,France
[],"RT @TinyIsLove: @MortythaBulldog This is the easiest way üòÇ it‚Äôs me Tiny, Gunner, Freyja &amp; Astrid, lil Loki, Oliver &amp; Penny the hedgies, and‚Ä¶",MortythaBulldog,"Washington, DC"
[],"RT @panoplyio: The Python vs. R debate rages on in the data scientist community, Here's how the two coding languages match up. https://t.co‚Ä¶",JustBeMentalist,Shropshire
[],"RT @obakhamik: Here is a video of Sunday writing a program in Python. The program was put to test by the Deputy Director, Quality Assurance‚Ä¶",itsOconcept,Nigeria
[],RT @KitPloit: Ghostfuscator - The Python Password-Protected Obfuscator Using AES Encryption https://t.co/8tAfKFc6IK https://t.co/GqkDHJV2wE,g4br13l_gl4d10,
[],"@AnncCid 12 Angry Men
Spider-Man 2
Monty Python &amp; The Holy Grail",SntsAngel,"Monterrey, Nuevo Le√≥n"
[],"RT @xtian_kisutsa: What every IT student in KE should learn before graduating from university.
1) Windows scripting (powershell)
2) Linux s‚Ä¶",Kim__Collins,Kenyaüá∞üá™
['Python'],"RT @MLforEveryone: Linear Programming With Python

‚òû https://t.co/AxhmB1O2kM

#Python https://t.co/1IBuhL3WGg",seandoughtie,"Chesapeake, Virginia"
[],RT @TDataScience: Elements of Functional Programming in Python by @pandeyparul https://t.co/9cwvZKtwU5,LudoBenistant,"Toronto, Ontario"
['ThingsJesusNeverSaid'],"#ThingsJesusNeverSaid
Are there any women here today ...?!

Monty Python‚Äôs Life of Brian https://t.co/XLNhoBaZ4K",NotOnYourNelly2,"Lincoln, England"
"['TechStuff', 'pyton', 'python', 'pythonic', 'ml']","#TechStuff: IT teams face an uphill battle with serverless migrations - TechTarget

#pyton #python #pythonic #ml,‚Ä¶ https://t.co/MUP4BsxE9F",iamChuckRussell,"Harrisburg, PA"
[],"Tag yourself, I am a ball python and leopard gecko haha",EarthIsMyName,"Florida, USA"
[],"RT @binitamshah: pyattck : A Python package to interact with the Mitre ATT&amp;CK Framework : https://t.co/0TN7tzuMCV

Repo : https://t.co/Xlj3‚Ä¶",1337secur1ty,
[],"I‚Äôm def a ball python, @brittknee_kyle this has you written all over it",sullzbb,RVA
[],RT @binitamshah: Comprehensive Python Cheatsheet : https://t.co/okImhtwvPB,g4br13l_gl4d10,
['HackTheBox'],"RT @ippsec: #HackTheBox Friendzone video is up!  An easy Linux box that shows the importance of always doing enumeration in the background,‚Ä¶",Twirtus,
"['infosec', 'hacking', 'hackers', 'Pentesting', 'programming']","RT @Hakin9: New Playground and Cheatsheet for Learning Python https://t.co/yylxsVtO5S 

#infosec #hacking #hackers #Pentesting #programming‚Ä¶",laudarch,"Greater Accra, Ghana"
"['infosec', 'hacking', 'hackers', 'Pentesting', 'programming']","RT @Hakin9: New Playground and Cheatsheet for Learning Python https://t.co/yylxsVtO5S 

#infosec #hacking #hackers #Pentesting #programming‚Ä¶",BurnoutBLU,
[],RT @binitamshah: Comprehensive Python Cheatsheet : https://t.co/okImhtwvPB,feeniks,"Mumbai, India"
[],"RT @nabhansportsmed: Team USA is looking for a sport science/data scientist. Training load, wellness, injury surveillance and performance d‚Ä¶",Physical_Prep,"Belgrade, Republic of Serbia"
[],"RT @VyangyaPuraan: 3d artist job
UK/Usa : sirf character modeling/
Sirf hard surface modeling
Salary 1Lac
India : 1 darjan software me char‚Ä¶",AbhizWordz,Delhi
"['weather', 'minnesota', 'photo', 'raspberrypi', 'python']",RT @earaspi: This Hours Photo: #weather #minnesota #photo #raspberrypi #python https://t.co/XG4EJ1jFcE,ComputeHole,https://compute-hole.woolweave
[],RT @_Pokedex_Facts: You can be found in the python's poop.,kirakuinbaitsad,
"['Jupyter', 'BigData', 'Analytics', 'DataScience', 'AI', 'MachineLearning', 'IoT']",RT @gp_pulipaka: I  Analyzed 1 Million #Jupyter Notebooks‚Ää‚Äî‚ÄäNow You Can Too. #BigData #Analytics #DataScience #AI #MachineLearning #IoT #II‚Ä¶,machinelearn_d,The Earth
"['Mathematics', 'BigData', 'Analytics', 'DataScience', 'AI']",RT @gp_pulipaka: #Mathematics Predicts a Sixth Mass Extinction (Natural Disasters - Not Man-Made). #BigData #Analytics #DataScience #AI #Ma‚Ä¶,rstatstweet,
"['Execute', 'Iterator']",Fastest Way to Load Data Into PostgreSQL Using Python | Haki Benita #Execute #Iterator https://t.co/OukxpFRE9X,FunSQL,
"['infosec', 'hacking', 'hackers', 'Pentesting', 'programming']","RT @Hakin9: New Playground and Cheatsheet for Learning Python https://t.co/yylxsVtO5S 

#infosec #hacking #hackers #Pentesting #programming‚Ä¶",PinkBoyTV,
['Python'],"A beginners guide for building neural networks in tensorflow
‚òû https://t.co/d8BjRhV6JE

#Python
ZK4rXQdSZtr https://t.co/bZkdEME6Sd",PythonBeginner4,United States
[],"RT @xtian_kisutsa: What every IT student in KE should learn before graduating from university.
1) Windows scripting (powershell)
2) Linux s‚Ä¶",NkakoIgnatius,NAIROBI
[],"In America, we are teaching kids about recycling, SJW studies, geometry, Harry Potter &amp; global warming and we are s‚Ä¶ https://t.co/XsCxvgy0zq",FriedrichHayek,
[],"RT @AgBioWorld: For many Indian kids, the first language is not Hindi or English, but Python! The goal is to nurture in a child the skill t‚Ä¶",FriedrichHayek,
"['AppDevelopment', 'Entrepreneur', 'Developers']","RT @Xperge_: The three chief virtues of a programmer are: Impatience, Laziness and Hubris! :D‚†Ä
‚†Ä
#AppDevelopment #Entrepreneur #Developers‚Ä¶",xdnadea,"Tuban, Indonesia"
[],Massive 16-foot python with nest of 50 eggs removed from Florida Everglades - Fox News https://t.co/V9rgiFgo5p,AugustEve2012,"Charlotte, NC"
[],"RT @xtian_kisutsa: What every IT student in KE should learn before graduating from university.
1) Windows scripting (powershell)
2) Linux s‚Ä¶",munyuandegwa,Nakuru
[],"RT @searchresume: Python, Machine Learning,Data visualization,Hadoop, Statistics, Regre in Bangalore, Karnataka, India https://t.co/9Z2fcTp‚Ä¶",NoSQLDigest,
[],"RT @WFLAMelissaM: MASSIVE PYTHON CAUGHTüêç: A 16-foot python, weighing at least 165 pounds was captured over the weekend in the Florida Everg‚Ä¶",MAGAChronicle,
[],"RT @ThePSF: Our first Annual Report  shows you just a few ways your support has made a difference, thanks to the generous support from our‚Ä¶",linuxmil,
[],RT @tadzio73Secur: Ghostfuscator - The Python Password-Protected Obfuscator Using AES Encryption https://t.co/GrGozQp7Ar https://t.co/k7EJy‚Ä¶,__SPX__,Italia
['HackTheBox'],"RT @snowscan: #HackTheBox Friendzone is out, Craft is in. An easy box with open SMB shares, a writeable one combined with a PHP LFI provide‚Ä¶",Stanleekrouser,Berlin
[],"RT @nabhansportsmed: Team USA is looking for a sport science/data scientist. Training load, wellness, injury surveillance and performance d‚Ä¶",TerrisTiller,"Colorado Springs, CO"
[],Blue tongue + ball python,Fillicity,
[],"RT @FriedrichHayek: In America, we are teaching kids about recycling, SJW studies, geometry, Harry Potter &amp; global warming and we are spend‚Ä¶",DurinnM,
[],"RT @Deep_In_Depth: AI applications, chips, deep tech, and geopolitics in 2019: The stakes have never been higher | ZDNet https://t.co/qxIeY‚Ä¶",markant8,Mexico
[],"1st year - Abacus / Pascaline
2nd year - Algorithm / Pseudocode
3rd year - Avery / Prolog
4th year - Applescript /‚Ä¶ https://t.co/gyTb74koEz",roxettastonex,shawn mendes x nico mirallegro
"['MachineLearning', 'BigData', 'Analytics', 'DataScience', 'AI']","RT @DataScientistFr: 16,625: Number of #MachineLearning arXiv Papers Analyzed by MIT.  #BigData #Analytics #DataScience #AI #ReinforcementL‚Ä¶",machinelearn_d,The Earth
[],WARNING GRAPHIC IMAGES: Massive python swallows croc whole in ghastly pics - Fox News https://t.co/JrzCA92Npq,hautahbuhgee,korea
[],"RT @FriedrichHayek: In America, we are teaching kids about recycling, SJW studies, geometry, Harry Potter &amp; global warming and we are spend‚Ä¶",AGrandier,everywhere.
[],RT @marcflood: Advanced Duplicate Content Consolidation with Python via @hamletbatista https://t.co/pxQXVthckS via‚Ä¶ https://t.co/rGn1CcsAw7,saraypgh,"Pittsburgh, PA"
"['TechStuff', 'pyton', 'python', 'pythonic', 'ml', 'ai']","RT @iamChuckRussell: #TechStuff: IT teams face an uphill battle with serverless migrations - TechTarget

#pyton #python #pythonic #ml, #ai,‚Ä¶",wolfgin,"Pune, MH"
"['freelancer', 'javascript', 'design']","5 easy tips to recognize a client you should avoid 

https://t.co/Ikav8FnAhz 

#freelancer #javascript #design‚Ä¶ https://t.co/0c69Zu5I50",dr_vitus_zato,Buenos Aires
[],RT @tadzio73Secur: Ghostfuscator - The Python Password-Protected Obfuscator Using AES Encryption https://t.co/GrGozQp7Ar https://t.co/k7EJy‚Ä¶,Alejogaci,Medellin
[],"RT @PythonIreland: Hi folks, the CFP for PyCon Ireland 2019 is still open. Deadline is Midnight Bank Holiday Monday in August. PyConIE 2019‚Ä¶",electrofelix,"Galway, Ireland"
['BWSI19'],Cogworks first lunch We Love Cogworks Python Like You Mean it @BWSI3 #BWSI19,BwsiCog,
['100DaysOfCode'],Day 76: #100DaysOfCode progress: today I worked on Getting Started with Python Flask / D1 (lectures)‚Ä¶ https://t.co/1nPZGoWvAi,JoshT_Thurston,"McKinney, TX"
"['DeepLearning', 'MachineLearning', 'AI']",RT @Deep_In_Depth: DIY AI Has Arrived With Jetson Nano | eLearningInside News https://t.co/Rc9XlGy1JD #DeepLearning #MachineLearning #AI #D‚Ä¶,markant8,Mexico
[],"@veryunfakenews @JeanettDinham1 @Macetrain It's so sick it's almost entertaining.
I love Monty Python.
It could be from one of their plays.",LarsOlo61405246,Sweden
['100DaysOfCode'],RT @JoshT_Thurston: Day 76: #100DaysOfCode progress: today I worked on Getting Started with Python Flask / D1 (lectures) https://t.co/7bwoW‚Ä¶,Adrinbot,Georgia
['100DaysOfCode'],RT @JoshT_Thurston: Day 76: #100DaysOfCode progress: today I worked on Getting Started with Python Flask / D1 (lectures) https://t.co/7bwoW‚Ä¶,CoderNotesBot,codeanywhere.com
['100DaysOfCode'],RT @JoshT_Thurston: Day 76: #100DaysOfCode progress: today I worked on Getting Started with Python Flask / D1 (lectures) https://t.co/7bwoW‚Ä¶,100xcode,
[],"@Jumpseller I tested it with CURL, PHP and PYTHON.... and i got the same error. 

I hope you can help me... thanks a lot.",ediaz2392,"Santiago, Chile"
['100DaysOfCode'],Day 77: #100DaysOfCode progress: today I worked on Getting Started with Python Flask / D2 (practice)‚Ä¶ https://t.co/YrdJOylIBA,JoshT_Thurston,"McKinney, TX"
"['Python', 'cplusplus', 'Morioh']","Unleash The Power of C++ In Python

‚òû https://t.co/BaqmomHWFy

#Python #cplusplus #Morioh https://t.co/dpkDsom3et",PythonBeginner4,United States
[],"RT @LieHardShow: New episode alert:  It's Pavarotti &amp; The Black Death.

During the facts this week we meet Monty Python, an irritating Plac‚Ä¶",RickandPaul,"Cardiff, Wales"
[],"@nacha_atlach C, C++ and Python on Linux. C#, C++ again, and Kotlin on Windows.",okasion2012,Argentina
['100DaysOfCode'],RT @JoshT_Thurston: Day 77: #100DaysOfCode progress: today I worked on Getting Started with Python Flask / D2 (practice) https://t.co/7bwoW‚Ä¶,CoderNotesBot,codeanywhere.com
['100DaysOfCode'],RT @JoshT_Thurston: Day 77: #100DaysOfCode progress: today I worked on Getting Started with Python Flask / D2 (practice) https://t.co/7bwoW‚Ä¶,Adrinbot,Georgia
['100DaysOfCode'],RT @JoshT_Thurston: Day 77: #100DaysOfCode progress: today I worked on Getting Started with Python Flask / D2 (practice) https://t.co/7bwoW‚Ä¶,100xcode,
[],"In one of my presentations ""Raspberry Pi is a return to hackable computing"", so yes,
at $35 you can have a go.... l‚Ä¶ https://t.co/CE7VYmMCKI",PeteLomasPi,"Cheshire, United Kingdom"
['DeepLearning'],RT @Deep_In_Depth: Elon Musk's Neuralink to livestream special project update on July 16 https://t.co/hsAGfhAHtq #DeepLearning #MachineLear‚Ä¶,markant8,Mexico
['100DaysOfCode'],Day 78: #100DaysOfCode progress: today I worked on Getting Started with Python Flask / D3 (more coding)‚Ä¶ https://t.co/u35b6K22zC,JoshT_Thurston,"McKinney, TX"
"['Python', 'cplusplus', 'Morioh']","Unleash The Power of C++ In Python

‚òû https://t.co/LaKQmdquYA

#Python #cplusplus #Morioh https://t.co/qzIQysbD6B",python_proz,United States
['100DaysOfCode'],RT @JoshT_Thurston: Day 78: #100DaysOfCode progress: today I worked on Getting Started with Python Flask / D3 (more coding) https://t.co/7b‚Ä¶,CoderNotesBot,codeanywhere.com
['100DaysOfCode'],RT @JoshT_Thurston: Day 78: #100DaysOfCode progress: today I worked on Getting Started with Python Flask / D3 (more coding) https://t.co/7b‚Ä¶,Adrinbot,Georgia
['100DaysOfCode'],RT @JoshT_Thurston: Day 78: #100DaysOfCode progress: today I worked on Getting Started with Python Flask / D3 (more coding) https://t.co/7b‚Ä¶,100xcode,
['100DaysOfCode'],Day 79: #100DaysOfCode progress: today I worked on Basic Database Access with SQLite3 / D1 (lectures)‚Ä¶ https://t.co/hSwh67TwIM,JoshT_Thurston,"McKinney, TX"
['100DaysOfCode'],RT @JoshT_Thurston: Day 77: #100DaysOfCode progress: today I worked on Getting Started with Python Flask / D2 (practice) https://t.co/7bwoW‚Ä¶,xaelbot,Earth
[],"RT @xtian_kisutsa: What every IT student in KE should learn before graduating from university.
1) Windows scripting (powershell)
2) Linux s‚Ä¶",enyumbre,"Kakamega, Kenya"
['100DaysOfCode'],RT @JoshT_Thurston: Day 79: #100DaysOfCode progress: today I worked on Basic Database Access with SQLite3 / D1 (lectures) https://t.co/7bwo‚Ä¶,Adrinbot,Georgia
['100DaysOfCode'],RT @JoshT_Thurston: Day 79: #100DaysOfCode progress: today I worked on Basic Database Access with SQLite3 / D1 (lectures) https://t.co/7bwo‚Ä¶,CoderNotesBot,codeanywhere.com
['100DaysOfCode'],RT @JoshT_Thurston: Day 79: #100DaysOfCode progress: today I worked on Basic Database Access with SQLite3 / D1 (lectures) https://t.co/7bwo‚Ä¶,100xcode,
['100DaysOfCode'],Day 80: #100DaysOfCode progress: today I worked on Basic Database Access with SQLite3 / D2 (practice)‚Ä¶ https://t.co/gzKLaL8yTA,JoshT_Thurston,"McKinney, TX"
['100DaysOfCode'],RT @JoshT_Thurston: Day 80: #100DaysOfCode progress: today I worked on Basic Database Access with SQLite3 / D2 (practice) https://t.co/7bwo‚Ä¶,2Bftawfik,"Cairo, Egypt"
['100DaysOfCode'],RT @JoshT_Thurston: Day 80: #100DaysOfCode progress: today I worked on Basic Database Access with SQLite3 / D2 (practice) https://t.co/7bwo‚Ä¶,Adrinbot,Georgia
['100DaysOfCode'],RT @JoshT_Thurston: Day 80: #100DaysOfCode progress: today I worked on Basic Database Access with SQLite3 / D2 (practice) https://t.co/7bwo‚Ä¶,CoderNotesBot,codeanywhere.com
['100DaysOfCode'],RT @JoshT_Thurston: Day 80: #100DaysOfCode progress: today I worked on Basic Database Access with SQLite3 / D2 (practice) https://t.co/7bwo‚Ä¶,100xcode,
['100DaysOfCode'],Day 81: #100DaysOfCode progress: today I worked on Basic Database Access with SQLite3 / D3 (more coding)‚Ä¶ https://t.co/pOUganbas1,JoshT_Thurston,"McKinney, TX"
[],"RT @nabhansportsmed: Team USA is looking for a sport science/data scientist. Training load, wellness, injury surveillance and performance d‚Ä¶",jennastreet,"Colorado Springs, Colorado"
['100DaysOfCode'],RT @JoshT_Thurston: Day 81: #100DaysOfCode progress: today I worked on Basic Database Access with SQLite3 / D3 (more coding) https://t.co/7‚Ä¶,CoderNotesBot,codeanywhere.com
['100DaysOfCode'],RT @JoshT_Thurston: Day 81: #100DaysOfCode progress: today I worked on Basic Database Access with SQLite3 / D3 (more coding) https://t.co/7‚Ä¶,Adrinbot,Georgia
['100DaysOfCode'],RT @JoshT_Thurston: Day 81: #100DaysOfCode progress: today I worked on Basic Database Access with SQLite3 / D3 (more coding) https://t.co/7‚Ä¶,100xcode,
[],"RT @xtian_kisutsa: What every IT student in KE should learn before graduating from university.
1) Windows scripting (powershell)
2) Linux s‚Ä¶",f2che,White Highlands
['100DaysOfCode'],RT @JoshT_Thurston: Day 81: #100DaysOfCode progress: today I worked on Basic Database Access with SQLite3 / D3 (more coding) https://t.co/7‚Ä¶,xaelbot,Earth
['DeepLearning'],RT @Deep_In_Depth: Machine learning goes beyond theory to beat human poker champs | ZDNet https://t.co/yLPYfbtKx1 #DeepLearning #MachineLea‚Ä¶,markant8,Mexico
['udemy'],"RT @freecoupondisco: Free Coupons Discount - React Front To Back 2019 Courses -&gt; https://t.co/l7MercGGO9¬†                    

#udemy #100D‚Ä¶",iankiku,"Houston, TX"
"['TeamUSA', 'TeamBehindTheTeam']",Want to join #TeamUSA and become a part of the #TeamBehindTheTeam?,jennastreet,"Colorado Springs, Colorado"
"['TensorFlowJS', 'BigData', 'Analytics', 'DataScience', 'AI', 'MachineLearning']",RT @gp_pulipaka: House Price Prediction using Linear Regression with #TensorFlowJS. #BigData #Analytics #DataScience #AI #MachineLearning #‚Ä¶,markant8,Mexico
['100DaysOfCode'],RT @Hooddreams510: Day 24 of #100DaysOfCode I had to resubmit one of my python assignments from yesterday because I called on a function in‚Ä¶,docstrangecodes,
"['DeepLearning', 'MachineLearning', 'AI']",RT @Deep_In_Depth: Why Machine Learning Hasn't Made Investors Smarter https://t.co/q22xmrOoVX #DeepLearning #MachineLearning #AI #DataScien‚Ä¶,markant8,Mexico
"['udemycoupon', 'webdevelopment', 'javascript30']","RT @couponfree01: Udemy Free Discount - React JS - Mastering Redux - #udemycoupon &gt; https://t.co/8fPDhXv0WB

#webdevelopment #javascript30‚Ä¶",fouad21tech,
"['MachineLearning', 'BigData', 'Analytics', 'DataScience', 'AI']","16,625: Number of #MachineLearning arXiv Papers Analyzed by MIT.  #BigData #Analytics #DataScience #AI‚Ä¶ https://t.co/kq6BOicUij",AnalyticsFr,"Paris, France"
[],Super awesome work! Finishing these problems is like going through a puzzle and tinkering until you can get it to w‚Ä¶ https://t.co/K3niRzMgsf,_JacobBankston,"Houston, TX"
['100DaysOfCode'],RT @Hooddreams510: Day 24 of #100DaysOfCode I had to resubmit one of my python assignments from yesterday because I called on a function in‚Ä¶,Adrinbot,Georgia
"['MachineLearning', 'BigData', 'Analytics', 'DataScience', 'AI']","RT @AnalyticsFr: 16,625: Number of #MachineLearning arXiv Papers Analyzed by MIT.  #BigData #Analytics #DataScience #AI #ReinforcementLearn‚Ä¶",ServerlessFan,Sri Lanka
[],RT @_JacobBankston: Super awesome work! Finishing these problems is like going through a puzzle and tinkering until you can get it to work!‚Ä¶,2Bftawfik,"Cairo, Egypt"
[],RT @_JacobBankston: Super awesome work! Finishing these problems is like going through a puzzle and tinkering until you can get it to work!‚Ä¶,Adrinbot,Georgia
['udemy'],"RT @freecoupondisco: Free Coupons Discount - React Front To Back 2019 Courses -&gt; https://t.co/l7MercGGO9¬†                    

#udemy #100D‚Ä¶",xaelbot,Earth
[],RT @binitamshah: Comprehensive Python Cheatsheet : https://t.co/okImhtwvPB,pl4g4,Winnipeg
[],RT @binitamshah: Comprehensive Python Cheatsheet : https://t.co/okImhtwvPB,Duckhun04069471,
[],RT @binitamshah: Comprehensive Python Cheatsheet : https://t.co/okImhtwvPB,hackerbyhobby,
"['DeepLearning', 'MachineLearning', 'AI', 'DataScience']","RT @Deep_In_Depth: 3-D imaging, AI reveal stories hidden in shells https://t.co/LSbWsvgnMJ #DeepLearning #MachineLearning #AI #DataScience‚Ä¶",markant8,Mexico
[],"Great role for an open minded curious team player who wants to help elite athletes improve. Sound like you?! 
üìÑüìÆ",SamuelGardner21,"San Diego, CA"
[],Python - 2019 Action plan to learn it - Step by step https://t.co/jTs7hx13Fo via @YouTube,RoboCliq,The Ether
[],"i really want to get into contributing to open source projects, but i really don't know where to start.  i'm not a‚Ä¶ https://t.co/9uBBmqZ369",itsdeannat,"Ohio, USA"
[],DEFINITELY the Hognose,KingBristal,"Colorado, USA"
[],"RT @binitamshah: pyattck : A Python package to interact with the Mitre ATT&amp;CK Framework : https://t.co/0TN7tzuMCV

Repo : https://t.co/Xlj3‚Ä¶",rev313,
[],Udemy Online Courses - JavaScript For Beginners - Learn JavaScript From Scratch -&gt; https://t.co/gAtovW2zw3‚Ä¶ https://t.co/tCSBZmIudU,courses_new,
[],"RT @courses_new: Udemy Online Courses - JavaScript For Beginners - Learn JavaScript From Scratch -&gt; https://t.co/gAtovW2zw3     

#100DaysO‚Ä¶",2Bftawfik,"Cairo, Egypt"
[],"RT @courses_new: Udemy Online Courses - JavaScript For Beginners - Learn JavaScript From Scratch -&gt; https://t.co/gAtovW2zw3     

#100DaysO‚Ä¶",CoderNotesBot,codeanywhere.com
[],"RT @courses_new: Udemy Online Courses - JavaScript For Beginners - Learn JavaScript From Scratch -&gt; https://t.co/gAtovW2zw3     

#100DaysO‚Ä¶",Adrinbot,Georgia
[],Ball Python and Hognose,RayvenBauder,"Oregon, USA"
[],"@LarsOlo61405246 @veryunfakenews @Macetrain ""Yeah"" it would be hilarious. Love a bit of Monty pythonü§£",JeanettDinham1,
"['DeepLearning', 'MachineLearning', 'AI']",RT @Deep_In_Depth: Google Releases Deep Learning Containers into Beta https://t.co/aznl2nu9KL #DeepLearning #MachineLearning #AI #DataScien‚Ä¶,markant8,Mexico
[],RT @KitPloit: Ghostfuscator - The Python Password-Protected Obfuscator Using AES Encryption https://t.co/8tAfKFc6IK https://t.co/GqkDHJV2wE,LockedByte,localhost
"['Python', 'cplusplus', 'Morioh']","Unleash The Power of C++ In Python

‚òû https://t.co/1mYGg7gB4m

#Python #cplusplus #Morioh https://t.co/urIKQPYMjv",PythonTutorial2,"Florida, USA"
"['DeepLearning', 'MachineLearning', 'AI']",RT @Deep_In_Depth: A Decade of Accelerated Computing Augurs Well For GPUs https://t.co/i2Rvx1p2FY #DeepLearning #MachineLearning #AI #DataS‚Ä¶,markant8,Mexico
[],@flamingobonez @Kennasmith_ Ball python &amp; corn snake,BrookeChillman_,"Milton, Ontario"
"['TechnoCool', 'pyton', 'python', 'pythonic']","RT @iamChuckRussell: #TechnoCool: Senior Data Analyst job with Cox Media Group | 399907 - https://t.co/znrcpGGDfL

#pyton #python #pythonic‚Ä¶",machinelearn_d,The Earth
[],"Today we're taking a look at CSound through Python. Care to join? I'm live now!

https://t.co/FNC7gEu1Z2",MrJoshuaMcLean,"Kentucky, USA"
"['DeepLearning', 'MachineLearning', 'AI', 'DataScience']",RT @Deep_In_Depth: Intel Working on New Data Parallel C++ https://t.co/T75yjP1REs #DeepLearning #MachineLearning #AI #DataScience #NeuralNe‚Ä¶,markant8,Mexico
[],"Python. Shout out to @ArchipelagoUK one of the best, and different, restaurants in London.",writewrongz,"London, England"
"['Python', 'cplusplus', 'Morioh']","Unleash The Power of C++ In Python

‚òû https://t.co/c2iizshEGp

#Python #cplusplus #Morioh https://t.co/tM8uOEM9NI",LearnPython4U,
[],"RT @courses_new: Udemy Online Courses - JavaScript For Beginners - Learn JavaScript From Scratch -&gt; https://t.co/gAtovW2zw3     

#100DaysO‚Ä¶",xaelbot,Earth
"['Social', 'UX', 'UI', 'nodejs', 'clojure', 'perl', 'reactjs', 'angularjs', 'jquery', 'html5', 'css3', 'ruby']","RT @egreen460: https://t.co/25KXKL7LCS is For Sale

#Social #UX #UI #nodejs #clojure #perl #reactjs #angularjs #jquery #html5 #css3 #ruby #‚Ä¶",Blistified,Higher New Earth Consciousness
[],"üêçüì∞ In this quick and practical tutorial, you'll learn what a square root is and how to calculate one in Python. You‚Ä¶ https://t.co/twmGlHHZ6t",pycoders,
[],"RT @AloyEjimakor: @osita_chidoka @gofundme Will be nice to also do it for your fellow Igbos killed by acts of State terror since 2016, espe‚Ä¶",NMmaduabuch,
['python'],Printing variable alongside string iteral with input() function https://t.co/EIIcaqqAgJ #python,pythonlangbot,
['Polly'],AWS Cloud Development Kit (CDK) ‚Äì TypeScript and Python are Now Generally Available | with AWS #Polly -  https://t.co/g5TRUDXyT2,PivotalStorage,"Irvine, CA"
['DeepLearning'],RT @Deep_In_Depth: LG names Darin Graham head of its Toronto Artificial Intelligence Lab https://t.co/YsnfBVSpXr #DeepLearning #MachineLear‚Ä¶,markant8,Mexico
"['DeepLearning', 'MachineLearning', 'AI']",RT @Deep_In_Depth: Why Python is Good for Data Analytics? - Thrive Global https://t.co/TUJtDeUnbu #DeepLearning #MachineLearning #AI #DataS‚Ä¶,markant8,Mexico
['python'],RT @pythonlangbot: Printing variable alongside string iteral with input() function https://t.co/EIIcaqqAgJ #python,Comatose_D,Game Grid
[],"RT @pycoders: üêçüì∞ In this quick and practical tutorial, you'll learn what a square root is and how to calculate one in Python. You'll even s‚Ä¶",cool_python,"Brighton & Hove, UK"
"['DeepLearning', 'MachineLearning', 'AI', 'DataScience']","RT @Deep_In_Depth: AI Vision is Biased Toward Texture, not Shape https://t.co/9OrviILzb6 #DeepLearning #MachineLearning #AI #DataScience #N‚Ä¶",markant8,Mexico
['github'],ReadMe!  https://t.co/SM53R2tPlH #github,first_issues,127.0.0.1
[],RT @KitPloit: Ghostfuscator - The Python Password-Protected Obfuscator Using AES Encryption https://t.co/8tAfKFc6IK https://t.co/GqkDHJV2wE,kap_tux,#Jupiter
[],"RT @GeostatsGuy: For an accessible introduction to:
1. hyperparameter training 
2. the model variance - bias trade off
learn about ridge re‚Ä¶",aerisjd,"Galapagos  üá∏üá±, Austin TX"
[],"The Aunt Jessica dream sequence is full of characters you'd later see on Python, right to the costumes.",lustforlaughs,on the road
"['DeepLearning', 'MachineLearning', 'AI', 'DataScience']","RT @Deep_In_Depth: AI Vision is Biased Toward Texture, not Shape https://t.co/9OrviILzb6 #DeepLearning #MachineLearning #AI #DataScience #N‚Ä¶",Calcaware,"Austin, TX"
[],"If you are interested in the field of 3d printing and you would like to know some more tips and tricks. Or, if you‚Ä¶ https://t.co/3JMzXD15Ui",RyanTheCao,
[],RT @MatthiasForkel: I will soon join @tudresden_de as a Junior-Professor for Environmental Remote Sensing. Who wants to do a PhD using @ESA‚Ä¶,BernhardHofle,"Heidelberg, Germany"
[],"Relevance &amp; need of Python programming in Data Science and Analytics, Machine Learning https://t.co/9mddrv6Um3",ExperianDataLab,London | S√£o Paulo | Singapore
[],RT @destnasty: Demi sent this to me and said I‚Äôm the blue tongue skink but I really identify with the hognose and ball python equally https‚Ä¶,Hell_Squat,
[],Only 5 months 18 days 8 hours left until Python 2 retires,python2clock,
[],"Igbo,  javascript, Php, python, English. Not bad for a language guru",Chibuikem_Nick,Nigeria
"['MachineLearning', 'BigData', 'Analytics', 'DataScience', 'AI']","RT @AnalyticsFr: 16,625: Number of #MachineLearning arXiv Papers Analyzed by MIT.  #BigData #Analytics #DataScience #AI #ReinforcementLearn‚Ä¶",cool_golang,
"['freelancer', 'javascript', 'design']","RT @dr_vitus_zato: 5 easy tips to recognize a client you should avoid 

https://t.co/Ikav8FnAhz 

#freelancer #javascript #design #webdesig‚Ä¶",cool_golang,
['python'],RT @pythonlangbot: Printing variable alongside string iteral with input() function https://t.co/EIIcaqqAgJ #python,GamerGeekNews,
"['DeepLearning', 'MachineLearning', 'AI']",What You Need to Know About Natural Language Processing https://t.co/U18EKpHg7J #DeepLearning #MachineLearning #AI‚Ä¶ https://t.co/LG7fZRrto9,Deep_In_Depth,"Digne-les-Bains, France"
"['Wordcloud', 'Python']",UK News Headlines for week up to 13th July 2019. #Wordcloud generated with #Python and @pythonpillow. https://t.co/RadwE1u4f9,BOT974,"London, England"
"['Social', 'UX', 'UI', 'nodejs', 'clojure', 'perl', 'reactjs', 'angularjs', 'jquery', 'html5', 'css3', 'ruby']","RT @egreen460: https://t.co/25KXKL7LCS is For Sale

#Social #UX #UI #nodejs #clojure #perl #reactjs #angularjs #jquery #html5 #css3 #ruby #‚Ä¶",DevHighlights,
['python'],RT @pythonlangbot: Printing variable alongside string iteral with input() function https://t.co/EIIcaqqAgJ #python,strootaay,Worldwide
[],Mobi Download Effective PyCharm: Learn the PyCharm IDE with a Hands-on Approach (Treading on Python) -&gt; https://t.co/d6d7YG7Dhv,AureaFaircloth,United States
"['Python', 'cplusplus', 'Morioh']","RT @PythonTutorial2: Unleash The Power of C++ In Python

‚òû https://t.co/1mYGg7gB4m

#Python #cplusplus #Morioh https://t.co/urIKQPYMjv",strootaay,Worldwide
"['Spectrum', 'InternetSpeed', 'automagic', 'python', 'corporateaccountability']","#Spectrum My #InternetSpeed :
Ping: 31.994 ms
Download: 190.46 Mbit/s
Upload: 11.72 Mbit/s
#automagic #python #corporateaccountability",BeardySmeardy,"Newtown, CT"
"['devops', 'python', 'falconframework', 'knockoutjs']",2019-07-13 18:00:02 #devops command line tool for sharing files https://t.co/s4AzFm5SsZ #python #falconframework #knockoutjs,periket2000,
"['devops', 'share', 'python', 'falconframework', 'knockoutjs']",2019-07-13 18:00:02 #devops Share files with https://t.co/s4AzFm5SsZ üëç  #share #python #falconframework #knockoutjs,periket2000,
"['joke', 'jokes']","I used to have a job at a calendar factory but I got the sack because I took a couple of days off. 
#joke #jokes‚Ä¶ https://t.co/P7G03djfMk",PythonJokeBot,In someones Raspberry Pi
"['MachineLearning', 'BigData', 'Analytics', 'DataScience', 'AI']","16,625: Number of #MachineLearning arXiv Papers Analyzed by MIT.  #BigData #Analytics #DataScience #AI‚Ä¶ https://t.co/b9tSzg49AF",FelixEVargas,Lima
"['MachineLearning', 'BigData', 'Analytics', 'DataScience', 'AI']","RT @FelixEVargas: 16,625: Number of #MachineLearning arXiv Papers Analyzed by MIT.  #BigData #Analytics #DataScience #AI #ReinforcementLear‚Ä¶",ServerlessFan,Sri Lanka
[],How to Learn Python for Data Science the Right Way https://t.co/Z1KjQ4acNo A breakneck guide for those of you takin‚Ä¶ https://t.co/68JZ03gVL1,PyDataMCR,"Manchester, England"
[],"U are perfection just the way u are
Because you adjust so easily to me
And even if I must go long and far
I know th‚Ä¶ https://t.co/KaBxEwFgPl",dolphone,"The Hague, The Netherlands"
['memo'],"Python: Type Hint Cheat Sheet

#memo

https://t.co/249O5C57pm",mathnuko,Tokyo
[],"@KingBristal I‚Äôm honestly a combination of the leopard gecc, ball python and the hog nose",Morquine,Mucking stalls likleh
"['python', 'pythonstrings', 'pythoninfosecprofessionals']","PYTHON MORE STRINGS.
https://t.co/vgRcLn6Why
#python     #pythonstrings    #pythoninfosecprofessionals",j0emccray,USA
"['python', 'pythonstrings', 'pythoninfosecprofessionals']","PYTHON MORE STRINGS.
https://t.co/Gb7XHGzkoq
#python     #pythonstrings    #pythoninfosecprofessionals",InfoSecAddicts,
[],"bearded dragon, ball python 4 sure",mfuhhhlyssa,"Texas, USA"
"['21DayCkChallenge', 'Python', 'tech']","I just completed Day 7 of the 21DayCkChallenge. Learning ""Reflection"". Join me on https://t.co/ozxQFhU339 #21DayCkChallenge #Python #tech #",JANP8787,"Arizona, USA"
[],"RT @GeostatsGuy: For an accessible introduction to:
1. hyperparameter training 
2. the model variance - bias trade off
learn about ridge re‚Ä¶",ctseto,"Houston, TX"
[],"This is my standard setup too. It's lovely, probably prevents half or more of the silly mistakes I'm prone to makin‚Ä¶ https://t.co/ADRHdOq6A3",jacobian,Blacksburg VA
"['python', 'pythonstrings', 'pythoninfosecprofessionals']","PYTHON MORE STRINGS.
https://t.co/TfKr2ugVd6
#python     #pythonstrings    #pythoninfosecprofessionals",StrategicSec,
"['MachineLearning', 'BigData', 'Analytics', 'DataScience', 'AI']","RT @FelixEVargas: 16,625: Number of #MachineLearning arXiv Papers Analyzed by MIT.  #BigData #Analytics #DataScience #AI #ReinforcementLear‚Ä¶",AaronCuddeback,"Sacramento, CA"
['HackTheBox'],"RT @ippsec: #HackTheBox Friendzone video is up!  An easy Linux box that shows the importance of always doing enumeration in the background,‚Ä¶",juniorsuren,Singapore
[],"Debuggex: Online visual regex tester. JavaScript, Python, and PCRE. https://t.co/ZBiDtFbmb4",TDogVoid,ohio
['100DaysOfCode'],RT @JoshT_Thurston: Day 81: #100DaysOfCode progress: today I worked on Basic Database Access with SQLite3 / D3 (more coding) https://t.co/7‚Ä¶,AaronCuddeback,"Sacramento, CA"
[],RT @_JacobBankston: Super awesome work! Finishing these problems is like going through a puzzle and tinkering until you can get it to work!‚Ä¶,AaronCuddeback,"Sacramento, CA"
"['MachineLearning', 'Startup']","RT @FelixEVargas: RT IronMaximilien: RT FelixEVargas: Artificial Intelligence and #MachineLearning in a #Startup Eco-System
https://t.co/ED‚Ä¶",SecureBot1000,
['python'],@bigmetrics_io I‚Äôd never think a fellow #python coder and tool builder to be anything but a warrior. Respect to you‚Ä¶ https://t.co/KOUzZxpkRg,hamletbatista,"Iselin, NJ"
[],RT @realpython: Loop Better: a deeper look at iteration in Python - Trey Hunner https://t.co/I3RNFA7tzz,dnc_117,mayanpan league
[],"She never came, wanting him to notice I wanted to get a python into my face.",jarvis_tweets,Future
"['Python', 'dataviz', 'DataScience']",RT @randal_olson: yellowbrick: a #Python #dataviz library for visualizing scikit-learn models and their performance. #DataScience #MachineL‚Ä¶,lsvidal,Rio deJaneiro
[],"üêçùêåùêàùêÜùêáùêìùêò ùêèùêòùêìùêáùêéùêç ùêìùêéùêèüêç
üí∞$28.99 | üì¨free shipping over $75
Sizes: small, medium, large, xlarge 
[I sized up to a medium]‚Ä¶ https://t.co/oOtmrHIp2V",singsmysoule,"Sterling City, TX"
[],RT @PyDataMCR: How to Learn Python for Data Science the Right Way https://t.co/Z1KjQ4acNo A breakneck guide for those of you taking your fi‚Ä¶,JustBeMentalist,Shropshire
[],RT @binitamshah: Comprehensive Python Cheatsheet : https://t.co/okImhtwvPB,cynic_xer,404
[],"RT @jacobian: This is my standard setup too. It's lovely, probably prevents half or more of the silly mistakes I'm prone to making. https:/‚Ä¶",sylvain_soliman,Paris
"['Python', 'dataviz', 'DataScience']",RT @randal_olson: yellowbrick: a #Python #dataviz library for visualizing scikit-learn models and their performance. #DataScience #MachineL‚Ä¶,TheCuriousLuke,Switzerland
[],RT @pycoders: Domain Driven Design for Python  https://t.co/QfxZ0oqdUV,dnc_117,mayanpan league
"['Part2', 'KTM', 'Tech3', 'MotoGP', 'HS55', 'MO88']","RT @Tech3Racing: Interview time #Part2
No party animals?üò¨
Find out more üëÜüèª
#KTM #Tech3 #MotoGP #HS55 #MO88 @MotoGP @Hafizh_pescao55 @_moliv‚Ä¶",Nydsigel_idress,ÁæéÂë≥„ÅÑÊ∞¥„ÅÆÈÉΩÂ∏Ç
[],"@Tech3Racing @MotoGP @Hafizh_pescao55 @_moliveira88 Hey if you want a regular or customized motorbike suits,Leather‚Ä¶ https://t.co/fmQPUJ6Kie",GulloEnterpris1,"Sialkot, Pakistan"
[],Early bird 2020 spring break to Tenerife: 4nts B&amp;B from ¬£224pp incl. stylish B&amp;B hotel &amp; flights‚Ä¶ https://t.co/z4r1Ycr89i,Towcestertaxis,Towcester
